station,distance_km,time_s,amplitude
IC.MDJ,366.929,30.2695,1165
IC.MDJ,366.929,30.3695,718
IC.MDJ,366.929,30.4695,702
IC.MDJ,366.929,30.5695,467
IC.MDJ,366.929,30.6695,236
IC.MDJ,366.929,30.7695,224
IC.MDJ,366.929,30.8695,321
IC.MDJ,366.929,30.9695,-304
IC.MDJ,366.929,31.0695,-21
IC.MDJ,366.929,31.1695,-234
IC.MDJ,366.929,31.2695,-22
IC.MDJ,366.929,31.3695,-524
IC.MDJ,366.929,31.4695,-196
IC.MDJ,366.929,31.5695,-149
IC.MDJ,366.929,31.6695,-335
IC.MDJ,366.929,31.7695,79
IC.MDJ,366.929,31.8695,9
IC.MDJ,366.929,31.9695,231
IC.MDJ,366.929,32.0695,1114
IC.MDJ,366.929,32.1695,859
IC.MDJ,366.929,32.2695,1130
IC.MDJ,366.929,32.3695,1674
IC.MDJ,366.929,32.4695,1461
IC.MDJ,366.929,32.5695,1651
IC.MDJ,366.929,32.6695,1934
IC.MDJ,366.929,32.7695,2358
IC.MDJ,366.929,32.8695,1946
IC.MDJ,366.929,32.9695,2539
IC.MDJ,366.929,33.0695,2595
IC.MDJ,366.929,33.1695,2670
IC.MDJ,366.929,33.2695,2288
IC.MDJ,366.929,33.3695,3097
IC.MDJ,366.929,33.4695,2593
IC.MDJ,366.929,33.5695,2385
IC.MDJ,366.929,33.6695,2702
IC.MDJ,366.929,33.7695,2422
IC.MDJ,366.929,33.8695,2720
IC.MDJ,366.929,33.9695,1926
IC.MDJ,366.929,34.0695,2133
IC.MDJ,366.929,34.1695,1689
IC.MDJ,366.929,34.2695,1501
IC.MDJ,366.929,34.3695,1641
IC.MDJ,366.929,34.4695,886
IC.MDJ,366.929,34.5695,1321
IC.MDJ,366.929,34.6695,1024
IC.MDJ,366.929,34.7695,886
IC.MDJ,366.929,34.8695,769
IC.MDJ,366.929,34.9695,528
IC.MDJ,366.929,35.0695,607
IC.MDJ,366.929,35.1695,678
IC.MDJ,366.929,35.2695,412
IC.MDJ,366.929,35.3695,265
IC.MDJ,366.929,35.4695,361
IC.MDJ,366.929,35.5695,414
IC.MDJ,366.929,35.6695,393
IC.MDJ,366.929,35.7695,142
IC.MDJ,366.929,35.8695,-36
IC.MDJ,366.929,35.9695,-230
IC.MDJ,366.929,36.0695,8
IC.MDJ,366.929,36.1695,58
IC.MDJ,366.929,36.2695,205
IC.MDJ,366.929,36.3695,85
IC.MDJ,366.929,36.4695,579
IC.MDJ,366.929,36.5695,825
IC.MDJ,366.929,36.6695,687
IC.MDJ,366.929,36.7695,1074
IC.MDJ,366.929,36.8695,1297
IC.MDJ,366.929,36.9695,1448
IC.MDJ,366.929,37.0695,1437
IC.MDJ,366.929,37.1695,1478
IC.MDJ,366.929,37.2695,2015
IC.MDJ,366.929,37.3695,1482
IC.MDJ,366.929,37.4695,1928
IC.MDJ,366.929,37.5695,1632
IC.MDJ,366.929,37.6695,1921
IC.MDJ,366.929,37.7695,1665
IC.MDJ,366.929,37.8695,1411
IC.MDJ,366.929,37.9695,1885
IC.MDJ,366.929,38.0695,1170
IC.MDJ,366.929,38.1695,1516
IC.MDJ,366.929,38.2695,1653
IC.MDJ,366.929,38.3695,1178
IC.MDJ,366.929,38.4695,1184
IC.MDJ,366.929,38.5695,1372
IC.MDJ,366.929,38.6695,1094
IC.MDJ,366.929,38.7695,882
IC.MDJ,366.929,38.8695,1114
IC.MDJ,366.929,38.9695,615
IC.MDJ,366.929,39.0695,867
IC.MDJ,366.929,39.1695,617
IC.MDJ,366.929,39.2695,676
IC.MDJ,366.929,39.3695,509
IC.MDJ,366.929,39.4695,-44
IC.MDJ,366.929,39.5695,433
IC.MDJ,366.929,39.6695,406
IC.MDJ,366.929,39.7695,-94
IC.MDJ,366.929,39.8695,-20
IC.MDJ,366.929,39.9695,184
IC.MDJ,366.929,40.0695,-302
IC.MDJ,366.929,40.1695,-547
IC.MDJ,366.929,40.2695,56
IC.MDJ,366.929,40.3695,-617
IC.MDJ,366.929,40.4695,45
IC.MDJ,366.929,40.5695,-189
IC.MDJ,366.929,40.6695,-420
IC.MDJ,366.929,40.7695,104
IC.MDJ,366.929,40.8695,65
IC.MDJ,366.929,40.9695,353
IC.MDJ,366.929,41.0695,104
IC.MDJ,366.929,41.1695,322
IC.MDJ,366.929,41.2695,802
IC.MDJ,366.929,41.3695,757
IC.MDJ,366.929,41.4695,954
IC.MDJ,366.929,41.5695,954
IC.MDJ,366.929,41.6695,1379
IC.MDJ,366.929,41.7695,1378
IC.MDJ,366.929,41.8695,1762
IC.MDJ,366.929,41.9695,1619
IC.MDJ,366.929,42.0695,1765
IC.MDJ,366.929,42.1695,1506
IC.MDJ,366.929,42.2695,1725
IC.MDJ,366.929,42.3695,2073
IC.MDJ,366.929,42.4695,1303
IC.MDJ,366.929,42.5695,1236
IC.MDJ,366.929,42.6695,1405
IC.MDJ,366.929,42.7695,1040
IC.MDJ,366.929,42.8695,1262
IC.MDJ,366.929,42.9695,540
IC.MDJ,366.929,43.0695,710
IC.MDJ,366.929,43.1695,993
IC.MDJ,366.929,43.2695,491
IC.MDJ,366.929,43.3695,34
IC.MDJ,366.929,43.4695,-119
IC.MDJ,366.929,43.5695,367
IC.MDJ,366.929,43.6695,-106
IC.MDJ,366.929,43.7695,214
IC.MDJ,366.929,43.8695,-39
IC.MDJ,366.929,43.9695,-45
IC.MDJ,366.929,44.0695,-51
IC.MDJ,366.929,44.1695,-66
IC.MDJ,366.929,44.2695,-56
IC.MDJ,366.929,44.3695,-94
IC.MDJ,366.929,44.4695,-94
IC.MDJ,366.929,44.5695,-94
IC.MDJ,366.929,44.6695,-94
IC.MDJ,366.929,44.7695,-97
IC.MDJ,366.929,44.8695,-371764
IC.MDJ,366.929,44.9695,-621066
IC.MDJ,366.929,45.0695,-150614
IC.MDJ,366.929,45.1695,17147
IC.MDJ,366.929,45.2695,244982
IC.MDJ,366.929,45.3695,153954
IC.MDJ,366.929,45.4695,-100800
IC.MDJ,366.929,45.5695,-120876
IC.MDJ,366.929,45.6695,146773
IC.MDJ,366.929,45.7695,292746
IC.MDJ,366.929,45.8695,329776
IC.MDJ,366.929,45.9695,79837
IC.MDJ,366.929,46.0695,282793
IC.MDJ,366.929,46.1695,329643
IC.MDJ,366.929,46.2695,499256
IC.MDJ,366.929,46.3695,526826
IC.MDJ,366.929,46.4695,323226
IC.MDJ,366.929,46.5695,20457
IC.MDJ,366.929,46.6695,105780
IC.MDJ,366.929,46.7695,126489
IC.MDJ,366.929,46.8695,-186746
IC.MDJ,366.929,46.9695,192666
IC.MDJ,366.929,47.0695,322759
IC.MDJ,366.929,47.1695,16725
IC.MDJ,366.929,47.2695,-243305
IC.MDJ,366.929,47.3695,-307807
IC.MDJ,366.929,47.4695,201470
IC.MDJ,366.929,47.5695,586610
IC.MDJ,366.929,47.6695,290799
IC.MDJ,366.929,47.7695,109042
IC.MDJ,366.929,47.8695,-32001
IC.MDJ,366.929,47.9695,477066
IC.MDJ,366.929,48.0695,329304
IC.MDJ,366.929,48.1695,-87466
IC.MDJ,366.929,48.2695,-925
IC.MDJ,366.929,48.3695,103063
IC.MDJ,366.929,48.4695,-308691
IC.MDJ,366.929,48.5695,-202903
IC.MDJ,366.929,48.6695,203583
IC.MDJ,366.929,48.7695,249205
IC.MDJ,366.929,48.8695,-85351
IC.MDJ,366.929,48.9695,86479
IC.MDJ,366.929,49.0695,-292066
IC.MDJ,366.929,49.1695,-563208
IC.MDJ,366.929,49.2695,-365985
IC.MDJ,366.929,49.3695,17044
IC.MDJ,366.929,49.4695,178341
IC.MDJ,366.929,49.5695,317562
IC.MDJ,366.929,49.6695,394165
IC.MDJ,366.929,49.7695,394159
IC.MDJ,366.929,49.8695,394153
IC.MDJ,366.929,49.9695,394138
IC.MDJ,366.929,50.0695,-135874
IC.MDJ,366.929,50.1695,175211
IC.MDJ,366.929,50.2695,489021
IC.MDJ,366.929,50.3695,927322
IC.MDJ,366.929,50.4695,1.36876e+06
IC.MDJ,366.929,50.5695,1.59245e+06
IC.MDJ,366.929,50.6695,1.81029e+06
IC.MDJ,366.929,50.7695,2.1396e+06
IC.MDJ,366.929,50.8695,2.3575e+06
IC.MDJ,366.929,50.9695,2.33718e+06
IC.MDJ,366.929,51.0695,2.28378e+06
IC.MDJ,366.929,51.1695,2.4596e+06
IC.MDJ,366.929,51.2695,2.59539e+06
IC.MDJ,366.929,51.3695,2.58813e+06
IC.MDJ,366.929,51.4695,2.59e+06
IC.MDJ,366.929,51.5695,2.50638e+06
IC.MDJ,366.929,51.6695,2.28112e+06
IC.MDJ,366.929,51.7695,1.95671e+06
IC.MDJ,366.929,51.8695,1.50772e+06
IC.MDJ,366.929,51.9695,913101
IC.MDJ,366.929,52.0695,333496
IC.MDJ,366.929,52.1695,-243413
IC.MDJ,366.929,52.2695,-637228
IC.MDJ,366.929,52.3695,-1.01126e+06
IC.MDJ,366.929,52.4695,-1.41611e+06
IC.MDJ,366.929,52.5695,-1.70538e+06
IC.MDJ,366.929,52.6695,-2.08879e+06
IC.MDJ,366.929,52.7695,-2.53991e+06
IC.MDJ,366.929,52.8695,-2.92809e+06
IC.MDJ,366.929,52.9695,-3.12786e+06
IC.MDJ,366.929,53.0695,-3.2052e+06
IC.MDJ,366.929,53.1695,-3.24518e+06
IC.MDJ,366.929,53.2695,-3.26098e+06
IC.MDJ,366.929,53.3695,-3.17189e+06
IC.MDJ,366.929,53.4695,-2.93227e+06
IC.MDJ,366.929,53.5695,-2.58726e+06
IC.MDJ,366.929,53.6695,-2.19746e+06
IC.MDJ,366.929,53.7695,-1.51907e+06
IC.MDJ,366.929,53.8695,-655071
IC.MDJ,366.929,53.9695,199383
IC.MDJ,366.929,54.0695,948533
IC.MDJ,366.929,54.1695,1.49284e+06
IC.MDJ,366.929,54.2695,2.0511e+06
IC.MDJ,366.929,54.3695,2.56385e+06
IC.MDJ,366.929,54.4695,2.81782e+06
IC.MDJ,366.929,54.5695,2.8245e+06
IC.MDJ,366.929,54.6695,2.68535e+06
IC.MDJ,366.929,54.7695,2.64893e+06
IC.MDJ,366.929,54.8695,2.49374e+06
IC.MDJ,366.929,54.9695,2.28204e+06
IC.MDJ,366.929,55.0695,2.21231e+06
IC.MDJ,366.929,55.1695,2.2123e+06
IC.MDJ,366.929,55.2695,2.21227e+06
IC.MDJ,366.929,55.3695,-122192
IC.MDJ,366.929,55.4695,-253496
IC.MDJ,366.929,55.5695,-273703
IC.MDJ,366.929,55.6695,-353173
IC.MDJ,366.929,55.7695,-402007
IC.MDJ,366.929,55.8695,-358723
IC.MDJ,366.929,55.9695,-229961
IC.MDJ,366.929,56.0695,-34613
IC.MDJ,366.929,56.1695,63407
IC.MDJ,366.929,56.2695,115665
IC.MDJ,366.929,56.3695,118244
IC.MDJ,366.929,56.4695,130240
IC.MDJ,366.929,56.5695,114449
IC.MDJ,366.929,56.6695,9300
IC.MDJ,366.929,56.7695,-119287
IC.MDJ,366.929,56.8695,-285311
IC.MDJ,366.929,56.9695,-428477
IC.MDJ,366.929,57.0695,-451758
IC.MDJ,366.929,57.1695,-384415
IC.MDJ,366.929,57.2695,-297450
IC.MDJ,366.929,57.3695,-222123
IC.MDJ,366.929,57.4695,-147397
IC.MDJ,366.929,57.5695,-97058
IC.MDJ,366.929,57.6695,7525
IC.MDJ,366.929,57.7695,59351
IC.MDJ,366.929,57.8695,78064
IC.MDJ,366.929,57.9695,110553
IC.MDJ,366.929,58.0695,92043
IC.MDJ,366.929,58.1695,14125
IC.MDJ,366.929,58.2695,-4453
IC.MDJ,366.929,58.3695,58055
IC.MDJ,366.929,58.4695,74780
IC.MDJ,366.929,58.5695,-9478
IC.MDJ,366.929,58.6695,-143872
IC.MDJ,366.929,58.7695,-171865
IC.MDJ,366.929,58.8695,-156696
IC.MDJ,366.929,58.9695,-127699
IC.MDJ,366.929,59.0695,-41208
IC.MDJ,366.929,59.1695,46890
IC.MDJ,366.929,59.2695,125129
IC.MDJ,366.929,59.3695,190612
IC.MDJ,366.929,59.4695,205852
IC.MDJ,366.929,59.5695,175691
IC.MDJ,366.929,59.6695,104997
IC.MDJ,366.929,59.7695,-14356
IC.MDJ,366.929,59.8695,-110421
IC.MDJ,366.929,59.9695,-186811
IC.MDJ,366.929,60.0695,-259385
IC.MDJ,366.929,60.1695,-359333
IC.MDJ,366.929,60.2695,-469270
IC.MDJ,366.929,60.3695,-483656
IC.MDJ,366.929,60.4695,-412050
IC.MDJ,366.929,60.5695,-314616
IC.MDJ,366.929,60.6695,-314622
IC.MDJ,366.929,60.7695,-314628
IC.MDJ,366.929,60.8695,-314643
IC.MDJ,366.929,30.2695,1165
IC.MDJ,366.929,30.3695,718
IC.MDJ,366.929,30.4695,702
IC.MDJ,366.929,30.5695,467
IC.MDJ,366.929,30.6695,236
IC.MDJ,366.929,30.7695,224
IC.MDJ,366.929,30.8695,321
IC.MDJ,366.929,30.9695,-304
IC.MDJ,366.929,31.0695,-21
IC.MDJ,366.929,31.1695,-234
IC.MDJ,366.929,31.2695,-22
IC.MDJ,366.929,31.3695,-524
IC.MDJ,366.929,31.4695,-196
IC.MDJ,366.929,31.5695,-149
IC.MDJ,366.929,31.6695,-335
IC.MDJ,366.929,31.7695,79
IC.MDJ,366.929,31.8695,9
IC.MDJ,366.929,31.9695,231
IC.MDJ,366.929,32.0695,1114
IC.MDJ,366.929,32.1695,859
IC.MDJ,366.929,32.2695,1130
IC.MDJ,366.929,32.3695,1674
IC.MDJ,366.929,32.4695,1461
IC.MDJ,366.929,32.5695,1651
IC.MDJ,366.929,32.6695,1934
IC.MDJ,366.929,32.7695,2358
IC.MDJ,366.929,32.8695,1946
IC.MDJ,366.929,32.9695,2539
IC.MDJ,366.929,33.0695,2595
IC.MDJ,366.929,33.1695,2670
IC.MDJ,366.929,33.2695,2288
IC.MDJ,366.929,33.3695,3097
IC.MDJ,366.929,33.4695,2593
IC.MDJ,366.929,33.5695,2385
IC.MDJ,366.929,33.6695,2702
IC.MDJ,366.929,33.7695,2422
IC.MDJ,366.929,33.8695,2720
IC.MDJ,366.929,33.9695,1926
IC.MDJ,366.929,34.0695,2133
IC.MDJ,366.929,34.1695,1689
IC.MDJ,366.929,34.2695,1501
IC.MDJ,366.929,34.3695,1641
IC.MDJ,366.929,34.4695,886
IC.MDJ,366.929,34.5695,1321
IC.MDJ,366.929,34.6695,1024
IC.MDJ,366.929,34.7695,886
IC.MDJ,366.929,34.8695,769
IC.MDJ,366.929,34.9695,528
IC.MDJ,366.929,35.0695,607
IC.MDJ,366.929,35.1695,678
IC.MDJ,366.929,35.2695,412
IC.MDJ,366.929,35.3695,265
IC.MDJ,366.929,35.4695,361
IC.MDJ,366.929,35.5695,414
IC.MDJ,366.929,35.6695,393
IC.MDJ,366.929,35.7695,142
IC.MDJ,366.929,35.8695,-36
IC.MDJ,366.929,35.9695,-230
IC.MDJ,366.929,36.0695,8
IC.MDJ,366.929,36.1695,58
IC.MDJ,366.929,36.2695,205
IC.MDJ,366.929,36.3695,85
IC.MDJ,366.929,36.4695,579
IC.MDJ,366.929,36.5695,825
IC.MDJ,366.929,36.6695,687
IC.MDJ,366.929,36.7695,1074
IC.MDJ,366.929,36.8695,1297
IC.MDJ,366.929,36.9695,1448
IC.MDJ,366.929,37.0695,1437
IC.MDJ,366.929,37.1695,1478
IC.MDJ,366.929,37.2695,2015
IC.MDJ,366.929,37.3695,1482
IC.MDJ,366.929,37.4695,1928
IC.MDJ,366.929,37.5695,1632
IC.MDJ,366.929,37.6695,1921
IC.MDJ,366.929,37.7695,1665
IC.MDJ,366.929,37.8695,1411
IC.MDJ,366.929,37.9695,1885
IC.MDJ,366.929,38.0695,1170
IC.MDJ,366.929,38.1695,1516
IC.MDJ,366.929,38.2695,1653
IC.MDJ,366.929,38.3695,1178
IC.MDJ,366.929,38.4695,1184
IC.MDJ,366.929,38.5695,1372
IC.MDJ,366.929,38.6695,1094
IC.MDJ,366.929,38.7695,882
IC.MDJ,366.929,38.8695,1114
IC.MDJ,366.929,38.9695,615
IC.MDJ,366.929,39.0695,867
IC.MDJ,366.929,39.1695,617
IC.MDJ,366.929,39.2695,676
IC.MDJ,366.929,39.3695,509
IC.MDJ,366.929,39.4695,-44
IC.MDJ,366.929,39.5695,433
IC.MDJ,366.929,39.6695,406
IC.MDJ,366.929,39.7695,-94
IC.MDJ,366.929,39.8695,-20
IC.MDJ,366.929,39.9695,184
IC.MDJ,366.929,40.0695,-302
IC.MDJ,366.929,40.1695,-547
IC.MDJ,366.929,40.2695,56
IC.MDJ,366.929,40.3695,-617
IC.MDJ,366.929,40.4695,45
IC.MDJ,366.929,40.5695,-189
IC.MDJ,366.929,40.6695,-420
IC.MDJ,366.929,40.7695,104
IC.MDJ,366.929,40.8695,65
IC.MDJ,366.929,40.9695,353
IC.MDJ,366.929,41.0695,104
IC.MDJ,366.929,41.1695,322
IC.MDJ,366.929,41.2695,802
IC.MDJ,366.929,41.3695,757
IC.MDJ,366.929,41.4695,954
IC.MDJ,366.929,41.5695,954
IC.MDJ,366.929,41.6695,1379
IC.MDJ,366.929,41.7695,1378
IC.MDJ,366.929,41.8695,1762
IC.MDJ,366.929,41.9695,1619
IC.MDJ,366.929,42.0695,1765
IC.MDJ,366.929,42.1695,1506
IC.MDJ,366.929,42.2695,1725
IC.MDJ,366.929,42.3695,2073
IC.MDJ,366.929,42.4695,1303
IC.MDJ,366.929,42.5695,1236
IC.MDJ,366.929,42.6695,1405
IC.MDJ,366.929,42.7695,1040
IC.MDJ,366.929,42.8695,1262
IC.MDJ,366.929,42.9695,540
IC.MDJ,366.929,43.0695,710
IC.MDJ,366.929,43.1695,993
IC.MDJ,366.929,43.2695,491
IC.MDJ,366.929,43.3695,34
IC.MDJ,366.929,43.4695,-119
IC.MDJ,366.929,43.5695,367
IC.MDJ,366.929,43.6695,-106
IC.MDJ,366.929,43.7695,214
IC.MDJ,366.929,43.8695,-39
IC.MDJ,366.929,43.9695,-45
IC.MDJ,366.929,44.0695,-51
IC.MDJ,366.929,44.1695,-66
IC.MDJ,366.929,44.2695,-56
IC.MDJ,366.929,44.3695,-94
IC.MDJ,366.929,44.4695,-94
IC.MDJ,366.929,44.5695,-94
IC.MDJ,366.929,44.6695,-94
IC.MDJ,366.929,44.7695,-97
IC.MDJ,366.929,44.8695,-371764
IC.MDJ,366.929,44.9695,-621066
IC.MDJ,366.929,45.0695,-150614
IC.MDJ,366.929,45.1695,17147
IC.MDJ,366.929,45.2695,244982
IC.MDJ,366.929,45.3695,153954
IC.MDJ,366.929,45.4695,-100800
IC.MDJ,366.929,45.5695,-120876
IC.MDJ,366.929,45.6695,146773
IC.MDJ,366.929,45.7695,292746
IC.MDJ,366.929,45.8695,329776
IC.MDJ,366.929,45.9695,79837
IC.MDJ,366.929,46.0695,282793
IC.MDJ,366.929,46.1695,329643
IC.MDJ,366.929,46.2695,499256
IC.MDJ,366.929,46.3695,526826
IC.MDJ,366.929,46.4695,323226
IC.MDJ,366.929,46.5695,20457
IC.MDJ,366.929,46.6695,105780
IC.MDJ,366.929,46.7695,126489
IC.MDJ,366.929,46.8695,-186746
IC.MDJ,366.929,46.9695,192666
IC.MDJ,366.929,47.0695,322759
IC.MDJ,366.929,47.1695,16725
IC.MDJ,366.929,47.2695,-243305
IC.MDJ,366.929,47.3695,-307807
IC.MDJ,366.929,47.4695,201470
IC.MDJ,366.929,47.5695,586610
IC.MDJ,366.929,47.6695,290799
IC.MDJ,366.929,47.7695,109042
IC.MDJ,366.929,47.8695,-32001
IC.MDJ,366.929,47.9695,477066
IC.MDJ,366.929,48.0695,329304
IC.MDJ,366.929,48.1695,-87466
IC.MDJ,366.929,48.2695,-925
IC.MDJ,366.929,48.3695,103063
IC.MDJ,366.929,48.4695,-308691
IC.MDJ,366.929,48.5695,-202903
IC.MDJ,366.929,48.6695,203583
IC.MDJ,366.929,48.7695,249205
IC.MDJ,366.929,48.8695,-85351
IC.MDJ,366.929,48.9695,86479
IC.MDJ,366.929,49.0695,-292066
IC.MDJ,366.929,49.1695,-563208
IC.MDJ,366.929,49.2695,-365985
IC.MDJ,366.929,49.3695,17044
IC.MDJ,366.929,49.4695,178341
IC.MDJ,366.929,49.5695,317562
IC.MDJ,366.929,49.6695,394165
IC.MDJ,366.929,49.7695,394159
IC.MDJ,366.929,49.8695,394153
IC.MDJ,366.929,49.9695,394138
IC.MDJ,366.929,50.0695,-135874
IC.MDJ,366.929,50.1695,175211
IC.MDJ,366.929,50.2695,489021
IC.MDJ,366.929,50.3695,927322
IC.MDJ,366.929,50.4695,1.36876e+06
IC.MDJ,366.929,50.5695,1.59245e+06
IC.MDJ,366.929,50.6695,1.81029e+06
IC.MDJ,366.929,50.7695,2.1396e+06
IC.MDJ,366.929,50.8695,2.3575e+06
IC.MDJ,366.929,50.9695,2.33718e+06
IC.MDJ,366.929,51.0695,2.28378e+06
IC.MDJ,366.929,51.1695,2.4596e+06
IC.MDJ,366.929,51.2695,2.59539e+06
IC.MDJ,366.929,51.3695,2.58813e+06
IC.MDJ,366.929,51.4695,2.59e+06
IC.MDJ,366.929,51.5695,2.50638e+06
IC.MDJ,366.929,51.6695,2.28112e+06
IC.MDJ,366.929,51.7695,1.95671e+06
IC.MDJ,366.929,51.8695,1.50772e+06
IC.MDJ,366.929,51.9695,913101
IC.MDJ,366.929,52.0695,333496
IC.MDJ,366.929,52.1695,-243413
IC.MDJ,366.929,52.2695,-637228
IC.MDJ,366.929,52.3695,-1.01126e+06
IC.MDJ,366.929,52.4695,-1.41611e+06
IC.MDJ,366.929,52.5695,-1.70538e+06
IC.MDJ,366.929,52.6695,-2.08879e+06
IC.MDJ,366.929,52.7695,-2.53991e+06
IC.MDJ,366.929,52.8695,-2.92809e+06
IC.MDJ,366.929,52.9695,-3.12786e+06
IC.MDJ,366.929,53.0695,-3.2052e+06
IC.MDJ,366.929,53.1695,-3.24518e+06
IC.MDJ,366.929,53.2695,-3.26098e+06
IC.MDJ,366.929,53.3695,-3.17189e+06
IC.MDJ,366.929,53.4695,-2.93227e+06
IC.MDJ,366.929,53.5695,-2.58726e+06
IC.MDJ,366.929,53.6695,-2.19746e+06
IC.MDJ,366.929,53.7695,-1.51907e+06
IC.MDJ,366.929,53.8695,-655071
IC.MDJ,366.929,53.9695,199383
IC.MDJ,366.929,54.0695,948533
IC.MDJ,366.929,54.1695,1.49284e+06
IC.MDJ,366.929,54.2695,2.0511e+06
IC.MDJ,366.929,54.3695,2.56385e+06
IC.MDJ,366.929,54.4695,2.81782e+06
IC.MDJ,366.929,54.5695,2.8245e+06
IC.MDJ,366.929,54.6695,2.68535e+06
IC.MDJ,366.929,54.7695,2.64893e+06
IC.MDJ,366.929,54.8695,2.49374e+06
IC.MDJ,366.929,54.9695,2.28204e+06
IC.MDJ,366.929,55.0695,2.21231e+06
IC.MDJ,366.929,55.1695,2.2123e+06
IC.MDJ,366.929,55.2695,2.21227e+06
IC.MDJ,366.929,55.3695,-122192
IC.MDJ,366.929,55.4695,-253496
IC.MDJ,366.929,55.5695,-273703
IC.MDJ,366.929,55.6695,-353173
IC.MDJ,366.929,55.7695,-402007
IC.MDJ,366.929,55.8695,-358723
IC.MDJ,366.929,55.9695,-229961
IC.MDJ,366.929,56.0695,-34613
IC.MDJ,366.929,56.1695,63407
IC.MDJ,366.929,56.2695,115665
IC.MDJ,366.929,56.3695,118244
IC.MDJ,366.929,56.4695,130240
IC.MDJ,366.929,56.5695,114449
IC.MDJ,366.929,56.6695,9300
IC.MDJ,366.929,56.7695,-119287
IC.MDJ,366.929,56.8695,-285311
IC.MDJ,366.929,56.9695,-428477
IC.MDJ,366.929,57.0695,-451758
IC.MDJ,366.929,57.1695,-384415
IC.MDJ,366.929,57.2695,-297450
IC.MDJ,366.929,57.3695,-222123
IC.MDJ,366.929,57.4695,-147397
IC.MDJ,366.929,57.5695,-97058
IC.MDJ,366.929,57.6695,7525
IC.MDJ,366.929,57.7695,59351
IC.MDJ,366.929,57.8695,78064
IC.MDJ,366.929,57.9695,110553
IC.MDJ,366.929,58.0695,92043
IC.MDJ,366.929,58.1695,14125
IC.MDJ,366.929,58.2695,-4453
IC.MDJ,366.929,58.3695,58055
IC.MDJ,366.929,58.4695,74780
IC.MDJ,366.929,58.5695,-9478
IC.MDJ,366.929,58.6695,-143872
IC.MDJ,366.929,58.7695,-171865
IC.MDJ,366.929,58.8695,-156696
IC.MDJ,366.929,58.9695,-127699
IC.MDJ,366.929,59.0695,-41208
IC.MDJ,366.929,59.1695,46890
IC.MDJ,366.929,59.2695,125129
IC.MDJ,366.929,59.3695,190612
IC.MDJ,366.929,59.4695,205852
IC.MDJ,366.929,59.5695,175691
IC.MDJ,366.929,59.6695,104997
IC.MDJ,366.929,59.7695,-14356
IC.MDJ,366.929,59.8695,-110421
IC.MDJ,366.929,59.9695,-186811
IC.MDJ,366.929,60.0695,-259385
IC.MDJ,366.929,60.1695,-359333
IC.MDJ,366.929,60.2695,-469270
IC.MDJ,366.929,60.3695,-483656
IC.MDJ,366.929,60.4695,-412050
IC.MDJ,366.929,60.5695,-314616
IC.MDJ,366.929,60.6695,-314622
IC.MDJ,366.929,60.7695,-314628
IC.MDJ,366.929,60.8695,-314643
KS.SEO2,465.054,66.1195,2053
KS.SEO2,465.054,66.2195,18231
KS.SEO2,465.054,66.3195,-9063
KS.SEO2,465.054,66.4195,-14313
KS.SEO2,465.054,66.5195,7668
KS.SEO2,465.054,66.6195,12173
KS.SEO2,465.054,66.7195,7510
KS.SEO2,465.054,66.8195,-6944
KS.SEO2,465.054,66.9195,-19212
KS.SEO2,465.054,67.0195,-330
KS.SEO2,465.054,67.1195,6457
KS.SEO2,465.054,67.2195,-6677
KS.SEO2,465.054,67.3195,-9263
KS.SEO2,465.054,67.4195,-2118
KS.SEO2,465.054,67.5195,3208
KS.SEO2,465.054,67.6195,3453
KS.SEO2,465.054,67.7195,-12536
KS.SEO2,465.054,67.8195,-17037
KS.SEO2,465.054,67.9195,-443
KS.SEO2,465.054,68.0195,11015
KS.SEO2,465.054,68.1195,-5999
KS.SEO2,465.054,68.2195,-17489
KS.SEO2,465.054,68.3195,-5855
KS.SEO2,465.054,68.4195,-130
KS.SEO2,465.054,68.5195,-10850
KS.SEO2,465.054,68.6195,-9937
KS.SEO2,465.054,68.7195,1309
KS.SEO2,465.054,68.8195,-6283
KS.SEO2,465.054,68.9195,-11065
KS.SEO2,465.054,69.0195,2480
KS.SEO2,465.054,69.1195,407
KS.SEO2,465.054,69.2195,-5634
KS.SEO2,465.054,69.3195,-7157
KS.SEO2,465.054,69.4195,-12312
KS.SEO2,465.054,69.5195,-19714
KS.SEO2,465.054,69.6195,-15589
KS.SEO2,465.054,69.7195,-20790
KS.SEO2,465.054,69.8195,-12796
KS.SEO2,465.054,69.9195,-7866
KS.SEO2,465.054,70.0195,-10864
KS.SEO2,465.054,70.1195,-4061
KS.SEO2,465.054,70.2195,-6207
KS.SEO2,465.054,70.3195,10670
KS.SEO2,465.054,70.4195,10472
KS.SEO2,465.054,70.5195,13524
KS.SEO2,465.054,70.6195,-15992
KS.SEO2,465.054,70.7195,-32557
KS.SEO2,465.054,70.8195,-1309
KS.SEO2,465.054,70.9195,14749
KS.SEO2,465.054,71.0195,35838
KS.SEO2,465.054,71.1195,28896
KS.SEO2,465.054,71.2195,-8984
KS.SEO2,465.054,71.3195,-31000
KS.SEO2,465.054,71.4195,966
KS.SEO2,465.054,71.5195,-5889
KS.SEO2,465.054,71.6195,-16287
KS.SEO2,465.054,71.7195,-15351
KS.SEO2,465.054,71.8195,-14052
KS.SEO2,465.054,71.9195,1073
KS.SEO2,465.054,72.0195,-14671
KS.SEO2,465.054,72.1195,-23731
KS.SEO2,465.054,72.2195,-9732
KS.SEO2,465.054,72.3195,-1128
KS.SEO2,465.054,72.4195,3555
KS.SEO2,465.054,72.5195,2348
KS.SEO2,465.054,72.6195,-21463
KS.SEO2,465.054,72.7195,-10836
KS.SEO2,465.054,72.8195,-10152
KS.SEO2,465.054,72.9195,-30513
KS.SEO2,465.054,73.0195,-38692
KS.SEO2,465.054,73.1195,-19197
KS.SEO2,465.054,73.2195,-20348
KS.SEO2,465.054,73.3195,-32968
KS.SEO2,465.054,73.4195,-35007
KS.SEO2,465.054,73.5195,-33900
KS.SEO2,465.054,73.6195,-8159
KS.SEO2,465.054,73.7195,-4868
KS.SEO2,465.054,73.8195,-27643
KS.SEO2,465.054,73.9195,-33452
KS.SEO2,465.054,74.0195,-31508
KS.SEO2,465.054,74.1195,-31526
KS.SEO2,465.054,74.2195,-20482
KS.SEO2,465.054,74.3195,-27866
KS.SEO2,465.054,74.4195,-24444
KS.SEO2,465.054,74.5195,-30030
KS.SEO2,465.054,74.6195,-33546
KS.SEO2,465.054,74.7195,-31129
KS.SEO2,465.054,74.8195,-23551
KS.SEO2,465.054,74.9195,-31004
KS.SEO2,465.054,75.0195,-23568
KS.SEO2,465.054,75.1195,-15676
KS.SEO2,465.054,75.2195,-31703
KS.SEO2,465.054,75.3195,-21213
KS.SEO2,465.054,75.4195,-15188
KS.SEO2,465.054,75.5195,-15191
KS.SEO2,465.054,75.6195,-15194
KS.SEO2,465.054,75.7195,-15215
KS.SEO2,465.054,75.8195,-15205
KS.SEO2,465.054,75.9195,-15216
KS.SEO2,465.054,76.0195,-15216
KS.SEO2,465.054,76.1195,-38774
KS.SEO2,465.054,76.2195,-25652
KS.SEO2,465.054,76.3195,-14546
KS.SEO2,465.054,76.4195,-12323
KS.SEO2,465.054,76.5195,-1382
KS.SEO2,465.054,76.6195,14963
KS.SEO2,465.054,76.7195,30488
KS.SEO2,465.054,76.8195,41256
KS.SEO2,465.054,76.9195,56550
KS.SEO2,465.054,77.0195,61038
KS.SEO2,465.054,77.1195,43006
KS.SEO2,465.054,77.2195,23644
KS.SEO2,465.054,77.3195,5234
KS.SEO2,465.054,77.4195,14244
KS.SEO2,465.054,77.5195,13185
KS.SEO2,465.054,77.6195,-7433
KS.SEO2,465.054,77.7195,-18016
KS.SEO2,465.054,77.8195,-19096
KS.SEO2,465.054,77.9195,-13458
KS.SEO2,465.054,78.0195,-10543
KS.SEO2,465.054,78.1195,-6345
KS.SEO2,465.054,78.2195,6933
KS.SEO2,465.054,78.3195,21875
KS.SEO2,465.054,78.4195,25262
KS.SEO2,465.054,78.5195,19867
KS.SEO2,465.054,78.6195,28449
KS.SEO2,465.054,78.7195,23643
KS.SEO2,465.054,78.8195,26892
KS.SEO2,465.054,78.9195,22258
KS.SEO2,465.054,79.0195,10266
KS.SEO2,465.054,79.1195,-6235
KS.SEO2,465.054,79.2195,-19151
KS.SEO2,465.054,79.3195,-29419
KS.SEO2,465.054,79.4195,-41082
KS.SEO2,465.054,79.5195,-58844
KS.SEO2,465.054,79.6195,-67986
KS.SEO2,465.054,79.7195,-64379
KS.SEO2,465.054,79.8195,-69677
KS.SEO2,465.054,79.9195,-78490
KS.SEO2,465.054,80.0195,-67929
KS.SEO2,465.054,80.1195,-49355
KS.SEO2,465.054,80.2195,-43002
KS.SEO2,465.054,80.3195,-42362
KS.SEO2,465.054,80.4195,-43717
KS.SEO2,465.054,80.5195,-40857
KS.SEO2,465.054,80.6195,-37903
KS.SEO2,465.054,80.7195,-29441
KS.SEO2,465.054,80.8195,-31015
KS.SEO2,465.054,80.9195,-35251
KS.SEO2,465.054,81.0195,-36286
KS.SEO2,465.054,81.1195,-34797
KS.SEO2,465.054,81.2195,-36375
KS.SEO2,465.054,81.3195,-41748
KS.SEO2,465.054,81.4195,-35240
KS.SEO2,465.054,81.5195,-11874
KS.SEO2,465.054,81.6195,-10575
KS.SEO2,465.054,81.7195,-12964
KS.SEO2,465.054,81.8195,-13838
KS.SEO2,465.054,81.9195,-14908
KS.SEO2,465.054,82.0195,-3840
KS.SEO2,465.054,82.1195,4962
KS.SEO2,465.054,82.2195,-3025
KS.SEO2,465.054,82.3195,-10265
KS.SEO2,465.054,82.4195,-2770
KS.SEO2,465.054,82.5195,12844
KS.SEO2,465.054,82.6195,28543
KS.SEO2,465.054,82.7195,26381
KS.SEO2,465.054,82.8195,12553
KS.SEO2,465.054,82.9195,9023
KS.SEO2,465.054,83.0195,25219
KS.SEO2,465.054,83.1195,27179
KS.SEO2,465.054,83.2195,32171
KS.SEO2,465.054,83.3195,34000
KS.SEO2,465.054,83.4195,22130
KS.SEO2,465.054,83.5195,10078
KS.SEO2,465.054,83.6195,14387
KS.SEO2,465.054,83.7195,35836
KS.SEO2,465.054,83.8195,57111
KS.SEO2,465.054,83.9195,58367
KS.SEO2,465.054,84.0195,39563
KS.SEO2,465.054,84.1195,20469
KS.SEO2,465.054,84.2195,-2391
KS.SEO2,465.054,84.3195,-29891
KS.SEO2,465.054,84.4195,-42922
KS.SEO2,465.054,84.5195,-55638
KS.SEO2,465.054,84.6195,-66125
KS.SEO2,465.054,84.7195,-75211
KS.SEO2,465.054,84.8195,-88651
KS.SEO2,465.054,84.9195,-96785
KS.SEO2,465.054,85.0195,-97505
KS.SEO2,465.054,85.1195,-100649
KS.SEO2,465.054,85.2195,-103644
KS.SEO2,465.054,85.3195,-98053
KS.SEO2,465.054,85.4195,-95588
KS.SEO2,465.054,85.5195,-89908
KS.SEO2,465.054,85.6195,-68308
KS.SEO2,465.054,85.7195,-46525
KS.SEO2,465.054,85.8195,-46528
KS.SEO2,465.054,85.9195,-46531
KS.SEO2,465.054,86.0195,-46552
KS.SEO2,465.054,86.1195,-46541
KS.SEO2,465.054,86.2195,-46515
KS.SEO2,465.054,86.3195,-46515
KS.SEO2,465.054,86.4195,35016
KS.SEO2,465.054,86.5195,33754
KS.SEO2,465.054,86.6195,25138
KS.SEO2,465.054,86.7195,10265
KS.SEO2,465.054,86.8195,-6522
KS.SEO2,465.054,86.9195,-24104
KS.SEO2,465.054,87.0195,-33369
KS.SEO2,465.054,87.1195,-37033
KS.SEO2,465.054,87.2195,-43987
KS.SEO2,465.054,87.3195,-49934
KS.SEO2,465.054,87.4195,-44603
KS.SEO2,465.054,87.5195,-36292
KS.SEO2,465.054,87.6195,-21530
KS.SEO2,465.054,87.7195,-6490
KS.SEO2,465.054,87.8195,2087
KS.SEO2,465.054,87.9195,8021
KS.SEO2,465.054,88.0195,14706
KS.SEO2,465.054,88.1195,19024
KS.SEO2,465.054,88.2195,20188
KS.SEO2,465.054,88.3195,18928
KS.SEO2,465.054,88.4195,13667
KS.SEO2,465.054,88.5195,15376
KS.SEO2,465.054,88.6195,17431
KS.SEO2,465.054,88.7195,10165
KS.SEO2,465.054,88.8195,-3217
KS.SEO2,465.054,88.9195,-20292
KS.SEO2,465.054,89.0195,-34576
KS.SEO2,465.054,89.1195,-32269
KS.SEO2,465.054,89.2195,-24568
KS.SEO2,465.054,89.3195,-19721
KS.SEO2,465.054,89.4195,-16098
KS.SEO2,465.054,89.5195,-12127
KS.SEO2,465.054,89.6195,-9184
KS.SEO2,465.054,89.7195,-5352
KS.SEO2,465.054,89.8195,-64
KS.SEO2,465.054,89.9195,-1087
KS.SEO2,465.054,90.0195,440
KS.SEO2,465.054,90.1195,-4940
KS.SEO2,465.054,90.2195,-18655
KS.SEO2,465.054,90.3195,-22165
KS.SEO2,465.054,90.4195,-20251
KS.SEO2,465.054,90.5195,-29220
KS.SEO2,465.054,90.6195,-36404
KS.SEO2,465.054,90.7195,-37789
KS.SEO2,465.054,90.8195,-37030
KS.SEO2,465.054,90.9195,-29585
KS.SEO2,465.054,91.0195,-20110
KS.SEO2,465.054,91.1195,-15488
KS.SEO2,465.054,91.2195,-13299
KS.SEO2,465.054,91.3195,-16354
KS.SEO2,465.054,91.4195,-19006
KS.SEO2,465.054,91.5195,-9072
KS.SEO2,465.054,91.6195,3902
KS.SEO2,465.054,91.7195,9334
KS.SEO2,465.054,91.8195,11214
KS.SEO2,465.054,91.9195,8834
KS.SEO2,465.054,92.0195,10172
KS.SEO2,465.054,92.1195,3448
KS.SEO2,465.054,92.2195,-5066
KS.SEO2,465.054,92.3195,-18382
KS.SEO2,465.054,92.4195,-37023
KS.SEO2,465.054,92.5195,-54954
KS.SEO2,465.054,92.6195,-67928
KS.SEO2,465.054,92.7195,-75640
KS.SEO2,465.054,92.8195,-81383
KS.SEO2,465.054,92.9195,-84734
KS.SEO2,465.054,93.0195,-77290
KS.SEO2,465.054,93.1195,-67050
KS.SEO2,465.054,93.2195,-58981
KS.SEO2,465.054,93.3195,-42518
KS.SEO2,465.054,93.4195,-22587
KS.SEO2,465.054,93.5195,1616
KS.SEO2,465.054,93.6195,21094
KS.SEO2,465.054,93.7195,33618
KS.SEO2,465.054,93.8195,46025
KS.SEO2,465.054,93.9195,50405
KS.SEO2,465.054,94.0195,44965
KS.SEO2,465.054,94.1195,37005
KS.SEO2,465.054,94.2195,25460
KS.SEO2,465.054,94.3195,9767
KS.SEO2,465.054,94.4195,-11523
KS.SEO2,465.054,94.5195,-25158
KS.SEO2,465.054,94.6195,-34525
KS.SEO2,465.054,94.7195,-48459
KS.SEO2,465.054,94.8195,-57810
KS.SEO2,465.054,94.9195,-59232
KS.SEO2,465.054,95.0195,-53793
KS.SEO2,465.054,95.1195,-51356
KS.SEO2,465.054,95.2195,-52248
KS.SEO2,465.054,95.3195,-48544
KS.SEO2,465.054,95.4195,-37500
KS.SEO2,465.054,95.5195,-22523
KS.SEO2,465.054,95.6195,-9877
KS.SEO2,465.054,95.7195,3457
KS.SEO2,465.054,95.8195,21202
KS.SEO2,465.054,95.9195,34232
KS.SEO2,465.054,96.0195,41249
KS.SEO2,465.054,96.1195,41246
KS.SEO2,465.054,96.2195,41243
KS.SEO2,465.054,96.3195,41222
KS.SEO2,465.054,96.4195,41233
KS.SEO2,465.054,96.5195,41212
KS.SEO2,465.054,96.6195,41212
IU.INCN,477.077,-5.0305,-361
IU.INCN,477.077,-4.9305,409
IU.INCN,477.077,-4.8305,401
IU.INCN,477.077,-4.7305,381
IU.INCN,477.077,-4.6305,389
IU.INCN,477.077,-4.5305,399
IU.INCN,477.077,-4.4305,390
IU.INCN,477.077,-4.3305,390
IU.INCN,477.077,-4.2305,390
IU.INCN,477.077,-4.1305,57338
IU.INCN,477.077,-4.0305,-66685
IU.INCN,477.077,-3.9305,22297
IU.INCN,477.077,-3.8305,23611
IU.INCN,477.077,-3.7305,10902
IU.INCN,477.077,-3.6305,-12196
IU.INCN,477.077,-3.5305,5773
IU.INCN,477.077,-3.4305,81104
IU.INCN,477.077,-3.3305,-33625
IU.INCN,477.077,-3.2305,-42352
IU.INCN,477.077,-3.1305,-33293
IU.INCN,477.077,-3.0305,16479
IU.INCN,477.077,-2.9305,-20040
IU.INCN,477.077,-2.8305,-27317
IU.INCN,477.077,-2.7305,-54795
IU.INCN,477.077,-2.6305,-19574
IU.INCN,477.077,-2.5305,-32465
IU.INCN,477.077,-2.4305,-24346
IU.INCN,477.077,-2.3305,-53402
IU.INCN,477.077,-2.2305,-27481
IU.INCN,477.077,-2.1305,-31927
IU.INCN,477.077,-2.0305,-58753
IU.INCN,477.077,-1.9305,-63467
IU.INCN,477.077,-1.8305,-38188
IU.INCN,477.077,-1.7305,-19339
IU.INCN,477.077,-1.6305,-28697
IU.INCN,477.077,-1.5305,49818
IU.INCN,477.077,-1.4305,-3826
IU.INCN,477.077,-1.3305,-46514
IU.INCN,477.077,-1.2305,-56047
IU.INCN,477.077,-1.1305,-69786
IU.INCN,477.077,-1.0305,-84862
IU.INCN,477.077,-0.9305,-64768
IU.INCN,477.077,-0.8305,-38239
IU.INCN,477.077,-0.7305,-69388
IU.INCN,477.077,-0.6305,-48520
IU.INCN,477.077,-0.5305,-81798
IU.INCN,477.077,-0.4305,-15049
IU.INCN,477.077,-0.3305,130363
IU.INCN,477.077,-0.2305,54409
IU.INCN,477.077,-0.1305,-6328
IU.INCN,477.077,-0.0305,2552
IU.INCN,477.077,0.0695,43099
IU.INCN,477.077,0.1695,92763
IU.INCN,477.077,0.2695,112620
IU.INCN,477.077,0.3695,316091
IU.INCN,477.077,0.4695,356636
IU.INCN,477.077,0.5695,-14338
IU.INCN,477.077,0.6695,186207
IU.INCN,477.077,0.7695,335915
IU.INCN,477.077,0.8695,500344
IU.INCN,477.077,0.9695,58159
IU.INCN,477.077,1.0695,85548
IU.INCN,477.077,1.1695,375086
IU.INCN,477.077,1.2695,375078
IU.INCN,477.077,1.3695,375058
IU.INCN,477.077,1.4695,375066
IU.INCN,477.077,1.5695,33322
IU.INCN,477.077,1.6695,-64785
IU.INCN,477.077,1.7695,-36387
IU.INCN,477.077,1.8695,77039
IU.INCN,477.077,1.9695,33897
IU.INCN,477.077,2.0695,36523
IU.INCN,477.077,2.1695,-4857
IU.INCN,477.077,2.2695,31271
IU.INCN,477.077,2.3695,-39827
IU.INCN,477.077,2.4695,-129975
IU.INCN,477.077,2.5695,-145390
IU.INCN,477.077,2.6695,-17998
IU.INCN,477.077,2.7695,-77547
IU.INCN,477.077,2.8695,-89626
IU.INCN,477.077,2.9695,-41147
IU.INCN,477.077,3.0695,-12791
IU.INCN,477.077,3.1695,40562
IU.INCN,477.077,3.2695,-5701
IU.INCN,477.077,3.3695,93114
IU.INCN,477.077,3.4695,98233
IU.INCN,477.077,3.5695,-91400
IU.INCN,477.077,3.6695,-48737
IU.INCN,477.077,3.7695,-28195
IU.INCN,477.077,3.8695,38518
IU.INCN,477.077,3.9695,-59528
IU.INCN,477.077,4.0695,-125147
IU.INCN,477.077,4.1695,-139893
IU.INCN,477.077,4.2695,-30529
IU.INCN,477.077,4.3695,-25263
IU.INCN,477.077,4.4695,-3547
IU.INCN,477.077,4.5695,35072
IU.INCN,477.077,4.6695,9181
IU.INCN,477.077,4.7695,-39715
IU.INCN,477.077,4.8695,-72364
IU.INCN,477.077,4.9695,-47310
IU.INCN,477.077,5.0695,-76825
IU.INCN,477.077,5.1695,-93543
IU.INCN,477.077,5.2695,-73290
IU.INCN,477.077,5.3695,-174937
IU.INCN,477.077,5.4695,-254383
IU.INCN,477.077,5.5695,-264869
IU.INCN,477.077,5.6695,-216927
IU.INCN,477.077,5.7695,-146735
IU.INCN,477.077,5.8695,-178300
IU.INCN,477.077,5.9695,-28378
IU.INCN,477.077,6.0695,91989
IU.INCN,477.077,6.1695,51721
IU.INCN,477.077,6.2695,-111830
IU.INCN,477.077,6.3695,-155680
IU.INCN,477.077,6.4695,-170339
IU.INCN,477.077,6.5695,-54409
IU.INCN,477.077,6.6695,-149100
IU.INCN,477.077,6.7695,-122379
IU.INCN,477.077,6.8695,-122395
IU.INCN,477.077,6.9695,-122417
IU.INCN,477.077,7.0695,-122400
IU.INCN,477.077,7.1695,-405963
IU.INCN,477.077,7.2695,-439638
IU.INCN,477.077,7.3695,-422133
IU.INCN,477.077,7.4695,-390403
IU.INCN,477.077,7.5695,-398337
IU.INCN,477.077,7.6695,-337174
IU.INCN,477.077,7.7695,-253628
IU.INCN,477.077,7.8695,-124303
IU.INCN,477.077,7.9695,-4244
IU.INCN,477.077,8.0695,136023
IU.INCN,477.077,8.1695,220355
IU.INCN,477.077,8.2695,202866
IU.INCN,477.077,8.3695,245634
IU.INCN,477.077,8.4695,423629
IU.INCN,477.077,8.5695,575093
IU.INCN,477.077,8.6695,681102
IU.INCN,477.077,8.7695,783573
IU.INCN,477.077,8.8695,848646
IU.INCN,477.077,8.9695,791838
IU.INCN,477.077,9.0695,787328
IU.INCN,477.077,9.1695,869606
IU.INCN,477.077,9.2695,914601
IU.INCN,477.077,9.3695,852040
IU.INCN,477.077,9.4695,694676
IU.INCN,477.077,9.5695,589852
IU.INCN,477.077,9.6695,511477
IU.INCN,477.077,9.7695,436706
IU.INCN,477.077,9.8695,282322
IU.INCN,477.077,9.9695,188943
IU.INCN,477.077,10.0695,56829
IU.INCN,477.077,10.1695,39594
IU.INCN,477.077,10.2695,27728
IU.INCN,477.077,10.3695,18742
IU.INCN,477.077,10.4695,-33635
IU.INCN,477.077,10.5695,-95490
IU.INCN,477.077,10.6695,-218077
IU.INCN,477.077,10.7695,-298675
IU.INCN,477.077,10.8695,-410432
IU.INCN,477.077,10.9695,-529435
IU.INCN,477.077,11.0695,-578743
IU.INCN,477.077,11.1695,-628798
IU.INCN,477.077,11.2695,-671283
IU.INCN,477.077,11.3695,-556867
IU.INCN,477.077,11.4695,-457179
IU.INCN,477.077,11.5695,-392568
IU.INCN,477.077,11.6695,-343707
IU.INCN,477.077,11.7695,-220097
IU.INCN,477.077,11.8695,-23573
IU.INCN,477.077,11.9695,48961
IU.INCN,477.077,12.0695,78613
IU.INCN,477.077,12.1695,213643
IU.INCN,477.077,12.2695,238682
IU.INCN,477.077,12.3695,297293
IU.INCN,477.077,12.4695,346073
IU.INCN,477.077,12.5695,346057
IU.INCN,477.077,12.6695,346035
IU.INCN,477.077,-5.0305,-361
IU.INCN,477.077,-4.9305,409
IU.INCN,477.077,-4.8305,401
IU.INCN,477.077,-4.7305,381
IU.INCN,477.077,-4.6305,389
IU.INCN,477.077,-4.5305,399
IU.INCN,477.077,-4.4305,390
IU.INCN,477.077,-4.3305,390
IU.INCN,477.077,-4.2305,390
IU.INCN,477.077,-4.1305,57338
IU.INCN,477.077,-4.0305,-66685
IU.INCN,477.077,-3.9305,22297
IU.INCN,477.077,-3.8305,23611
IU.INCN,477.077,-3.7305,10902
IU.INCN,477.077,-3.6305,-12196
IU.INCN,477.077,-3.5305,5773
IU.INCN,477.077,-3.4305,81104
IU.INCN,477.077,-3.3305,-33625
IU.INCN,477.077,-3.2305,-42352
IU.INCN,477.077,-3.1305,-33293
IU.INCN,477.077,-3.0305,16479
IU.INCN,477.077,-2.9305,-20040
IU.INCN,477.077,-2.8305,-27317
IU.INCN,477.077,-2.7305,-54795
IU.INCN,477.077,-2.6305,-19574
IU.INCN,477.077,-2.5305,-32465
IU.INCN,477.077,-2.4305,-24346
IU.INCN,477.077,-2.3305,-53402
IU.INCN,477.077,-2.2305,-27481
IU.INCN,477.077,-2.1305,-31927
IU.INCN,477.077,-2.0305,-58753
IU.INCN,477.077,-1.9305,-63467
IU.INCN,477.077,-1.8305,-38188
IU.INCN,477.077,-1.7305,-19339
IU.INCN,477.077,-1.6305,-28697
IU.INCN,477.077,-1.5305,49818
IU.INCN,477.077,-1.4305,-3826
IU.INCN,477.077,-1.3305,-46514
IU.INCN,477.077,-1.2305,-56047
IU.INCN,477.077,-1.1305,-69786
IU.INCN,477.077,-1.0305,-84862
IU.INCN,477.077,-0.9305,-64768
IU.INCN,477.077,-0.8305,-38239
IU.INCN,477.077,-0.7305,-69388
IU.INCN,477.077,-0.6305,-48520
IU.INCN,477.077,-0.5305,-81798
IU.INCN,477.077,-0.4305,-15049
IU.INCN,477.077,-0.3305,130363
IU.INCN,477.077,-0.2305,54409
IU.INCN,477.077,-0.1305,-6328
IU.INCN,477.077,-0.0305,2552
IU.INCN,477.077,0.0695,43099
IU.INCN,477.077,0.1695,92763
IU.INCN,477.077,0.2695,112620
IU.INCN,477.077,0.3695,316091
IU.INCN,477.077,0.4695,356636
IU.INCN,477.077,0.5695,-14338
IU.INCN,477.077,0.6695,186207
IU.INCN,477.077,0.7695,335915
IU.INCN,477.077,0.8695,500344
IU.INCN,477.077,0.9695,58159
IU.INCN,477.077,1.0695,85548
IU.INCN,477.077,1.1695,375086
IU.INCN,477.077,1.2695,375078
IU.INCN,477.077,1.3695,375058
IU.INCN,477.077,1.4695,375066
IU.INCN,477.077,1.5695,33322
IU.INCN,477.077,1.6695,-64785
IU.INCN,477.077,1.7695,-36387
IU.INCN,477.077,1.8695,77039
IU.INCN,477.077,1.9695,33897
IU.INCN,477.077,2.0695,36523
IU.INCN,477.077,2.1695,-4857
IU.INCN,477.077,2.2695,31271
IU.INCN,477.077,2.3695,-39827
IU.INCN,477.077,2.4695,-129975
IU.INCN,477.077,2.5695,-145390
IU.INCN,477.077,2.6695,-17998
IU.INCN,477.077,2.7695,-77547
IU.INCN,477.077,2.8695,-89626
IU.INCN,477.077,2.9695,-41147
IU.INCN,477.077,3.0695,-12791
IU.INCN,477.077,3.1695,40562
IU.INCN,477.077,3.2695,-5701
IU.INCN,477.077,3.3695,93114
IU.INCN,477.077,3.4695,98233
IU.INCN,477.077,3.5695,-91400
IU.INCN,477.077,3.6695,-48737
IU.INCN,477.077,3.7695,-28195
IU.INCN,477.077,3.8695,38518
IU.INCN,477.077,3.9695,-59528
IU.INCN,477.077,4.0695,-125147
IU.INCN,477.077,4.1695,-139893
IU.INCN,477.077,4.2695,-30529
IU.INCN,477.077,4.3695,-25263
IU.INCN,477.077,4.4695,-3547
IU.INCN,477.077,4.5695,35072
IU.INCN,477.077,4.6695,9181
IU.INCN,477.077,4.7695,-39715
IU.INCN,477.077,4.8695,-72364
IU.INCN,477.077,4.9695,-47310
IU.INCN,477.077,5.0695,-76825
IU.INCN,477.077,5.1695,-93543
IU.INCN,477.077,5.2695,-73290
IU.INCN,477.077,5.3695,-174937
IU.INCN,477.077,5.4695,-254383
IU.INCN,477.077,5.5695,-264869
IU.INCN,477.077,5.6695,-216927
IU.INCN,477.077,5.7695,-146735
IU.INCN,477.077,5.8695,-178300
IU.INCN,477.077,5.9695,-28378
IU.INCN,477.077,6.0695,91989
IU.INCN,477.077,6.1695,51721
IU.INCN,477.077,6.2695,-111830
IU.INCN,477.077,6.3695,-155680
IU.INCN,477.077,6.4695,-170339
IU.INCN,477.077,6.5695,-54409
IU.INCN,477.077,6.6695,-149100
IU.INCN,477.077,6.7695,-122379
IU.INCN,477.077,6.8695,-122395
IU.INCN,477.077,6.9695,-122417
IU.INCN,477.077,7.0695,-122400
IU.INCN,477.077,7.1695,-405963
IU.INCN,477.077,7.2695,-439638
IU.INCN,477.077,7.3695,-422133
IU.INCN,477.077,7.4695,-390403
IU.INCN,477.077,7.5695,-398337
IU.INCN,477.077,7.6695,-337174
IU.INCN,477.077,7.7695,-253628
IU.INCN,477.077,7.8695,-124303
IU.INCN,477.077,7.9695,-4244
IU.INCN,477.077,8.0695,136023
IU.INCN,477.077,8.1695,220355
IU.INCN,477.077,8.2695,202866
IU.INCN,477.077,8.3695,245634
IU.INCN,477.077,8.4695,423629
IU.INCN,477.077,8.5695,575093
IU.INCN,477.077,8.6695,681102
IU.INCN,477.077,8.7695,783573
IU.INCN,477.077,8.8695,848646
IU.INCN,477.077,8.9695,791838
IU.INCN,477.077,9.0695,787328
IU.INCN,477.077,9.1695,869606
IU.INCN,477.077,9.2695,914601
IU.INCN,477.077,9.3695,852040
IU.INCN,477.077,9.4695,694676
IU.INCN,477.077,9.5695,589852
IU.INCN,477.077,9.6695,511477
IU.INCN,477.077,9.7695,436706
IU.INCN,477.077,9.8695,282322
IU.INCN,477.077,9.9695,188943
IU.INCN,477.077,10.0695,56829
IU.INCN,477.077,10.1695,39594
IU.INCN,477.077,10.2695,27728
IU.INCN,477.077,10.3695,18742
IU.INCN,477.077,10.4695,-33635
IU.INCN,477.077,10.5695,-95490
IU.INCN,477.077,10.6695,-218077
IU.INCN,477.077,10.7695,-298675
IU.INCN,477.077,10.8695,-410432
IU.INCN,477.077,10.9695,-529435
IU.INCN,477.077,11.0695,-578743
IU.INCN,477.077,11.1695,-628798
IU.INCN,477.077,11.2695,-671283
IU.INCN,477.077,11.3695,-556867
IU.INCN,477.077,11.4695,-457179
IU.INCN,477.077,11.5695,-392568
IU.INCN,477.077,11.6695,-343707
IU.INCN,477.077,11.7695,-220097
IU.INCN,477.077,11.8695,-23573
IU.INCN,477.077,11.9695,48961
IU.INCN,477.077,12.0695,78613
IU.INCN,477.077,12.1695,213643
IU.INCN,477.077,12.2695,238682
IU.INCN,477.077,12.3695,297293
IU.INCN,477.077,12.4695,346073
IU.INCN,477.077,12.5695,346057
IU.INCN,477.077,12.6695,346035
KS.BUS2,677.699,27.5695,778
KS.BUS2,677.699,27.6695,851
KS.BUS2,677.699,27.7695,905
KS.BUS2,677.699,27.8695,953
KS.BUS2,677.699,27.9695,947
KS.BUS2,677.699,28.0695,901
KS.BUS2,677.699,28.1695,812
KS.BUS2,677.699,28.2695,708
KS.BUS2,677.699,28.3695,716
KS.BUS2,677.699,28.4695,596
KS.BUS2,677.699,28.5695,572
KS.BUS2,677.699,28.6695,494
KS.BUS2,677.699,28.7695,453
KS.BUS2,677.699,28.8695,382
KS.BUS2,677.699,28.9695,311
KS.BUS2,677.699,29.0695,293
KS.BUS2,677.699,29.1695,197
KS.BUS2,677.699,29.2695,196
KS.BUS2,677.699,29.3695,179
KS.BUS2,677.699,29.4695,167
KS.BUS2,677.699,29.5695,169
KS.BUS2,677.699,29.6695,251
KS.BUS2,677.699,29.7695,295
KS.BUS2,677.699,29.8695,335
KS.BUS2,677.699,29.9695,445
KS.BUS2,677.699,30.0695,505
KS.BUS2,677.699,30.1695,534
KS.BUS2,677.699,30.2695,591
KS.BUS2,677.699,30.3695,610
KS.BUS2,677.699,30.4695,621
KS.BUS2,677.699,30.5695,605
KS.BUS2,677.699,30.6695,530
KS.BUS2,677.699,30.7695,423
KS.BUS2,677.699,30.8695,242
KS.BUS2,677.699,30.9695,146
KS.BUS2,677.699,31.0695,58
KS.BUS2,677.699,31.1695,-19
KS.BUS2,677.699,31.2695,-71
KS.BUS2,677.699,31.3695,-37
KS.BUS2,677.699,31.4695,15
KS.BUS2,677.699,31.5695,128
KS.BUS2,677.699,31.6695,234
KS.BUS2,677.699,31.7695,285
KS.BUS2,677.699,31.8695,332
KS.BUS2,677.699,31.9695,308
KS.BUS2,677.699,32.0695,452
KS.BUS2,677.699,32.1695,526
KS.BUS2,677.699,32.2695,550
KS.BUS2,677.699,32.3695,577
KS.BUS2,677.699,32.4695,600
KS.BUS2,677.699,32.5695,670
KS.BUS2,677.699,32.6695,720
KS.BUS2,677.699,32.7695,739
KS.BUS2,677.699,32.8695,682
KS.BUS2,677.699,32.9695,629
KS.BUS2,677.699,33.0695,514
KS.BUS2,677.699,33.1695,424
KS.BUS2,677.699,33.2695,312
KS.BUS2,677.699,33.3695,214
KS.BUS2,677.699,33.4695,161
KS.BUS2,677.699,33.5695,139
KS.BUS2,677.699,33.6695,90
KS.BUS2,677.699,33.7695,85
KS.BUS2,677.699,33.8695,47
KS.BUS2,677.699,33.9695,134
KS.BUS2,677.699,34.0695,225
KS.BUS2,677.699,34.1695,109
KS.BUS2,677.699,34.2695,116
KS.BUS2,677.699,34.3695,133
KS.BUS2,677.699,34.4695,115
KS.BUS2,677.699,34.5695,77
KS.BUS2,677.699,34.6695,106
KS.BUS2,677.699,34.7695,136
KS.BUS2,677.699,34.8695,137
KS.BUS2,677.699,34.9695,274
KS.BUS2,677.699,35.0695,364
KS.BUS2,677.699,35.1695,470
KS.BUS2,677.699,35.2695,536
KS.BUS2,677.699,35.3695,581
KS.BUS2,677.699,35.4695,705
KS.BUS2,677.699,35.5695,896
KS.BUS2,677.699,35.6695,1018
KS.BUS2,677.699,35.7695,987
KS.BUS2,677.699,35.8695,903
KS.BUS2,677.699,35.9695,886
KS.BUS2,677.699,36.0695,868
KS.BUS2,677.699,36.1695,756
KS.BUS2,677.699,36.2695,673
KS.BUS2,677.699,36.3695,661
KS.BUS2,677.699,36.4695,609
KS.BUS2,677.699,36.5695,534
KS.BUS2,677.699,36.6695,563
KS.BUS2,677.699,36.7695,531
KS.BUS2,677.699,36.8695,545
KS.BUS2,677.699,36.9695,502
KS.BUS2,677.699,37.0695,643
KS.BUS2,677.699,37.1695,563
KS.BUS2,677.699,37.2695,476
KS.BUS2,677.699,37.3695,474
KS.BUS2,677.699,37.4695,490
KS.BUS2,677.699,37.5695,560
KS.BUS2,677.699,37.6695,606
KS.BUS2,677.699,37.7695,693
KS.BUS2,677.699,37.8695,707
KS.BUS2,677.699,37.9695,788
KS.BUS2,677.699,38.0695,823
KS.BUS2,677.699,38.1695,865
KS.BUS2,677.699,38.2695,921
KS.BUS2,677.699,38.3695,919
KS.BUS2,677.699,38.4695,877
KS.BUS2,677.699,38.5695,826
KS.BUS2,677.699,38.6695,910
KS.BUS2,677.699,38.7695,837
KS.BUS2,677.699,38.8695,806
KS.BUS2,677.699,38.9695,725
KS.BUS2,677.699,39.0695,746
KS.BUS2,677.699,39.1695,752
KS.BUS2,677.699,39.2695,759
KS.BUS2,677.699,39.3695,828
KS.BUS2,677.699,39.4695,803
KS.BUS2,677.699,39.5695,870
KS.BUS2,677.699,39.6695,815
KS.BUS2,677.699,39.7695,832
KS.BUS2,677.699,39.8695,817
KS.BUS2,677.699,39.9695,809
KS.BUS2,677.699,40.0695,831
KS.BUS2,677.699,40.1695,823
KS.BUS2,677.699,40.2695,751
KS.BUS2,677.699,40.3695,749
KS.BUS2,677.699,40.4695,733
KS.BUS2,677.699,40.5695,747
KS.BUS2,677.699,40.6695,772
KS.BUS2,677.699,40.7695,763
KS.BUS2,677.699,40.8695,787
KS.BUS2,677.699,40.9695,790
KS.BUS2,677.699,41.0695,757
KS.BUS2,677.699,41.1695,774
KS.BUS2,677.699,41.2695,730
KS.BUS2,677.699,41.3695,822
KS.BUS2,677.699,41.4695,851
KS.BUS2,677.699,41.5695,878
KS.BUS2,677.699,41.6695,842
KS.BUS2,677.699,41.7695,825
KS.BUS2,677.699,41.8695,808
KS.BUS2,677.699,41.9695,798
KS.BUS2,677.699,42.0695,714
KS.BUS2,677.699,42.1695,673
KS.BUS2,677.699,42.2695,640
KS.BUS2,677.699,42.3695,587
KS.BUS2,677.699,42.4695,564
KS.BUS2,677.699,42.5695,533
KS.BUS2,677.699,42.6695,491
KS.BUS2,677.699,42.7695,498
KS.BUS2,677.699,42.8695,512
KS.BUS2,677.699,42.9695,454
KS.BUS2,677.699,43.0695,514
KS.BUS2,677.699,43.1695,586
KS.BUS2,677.699,43.2695,664
KS.BUS2,677.699,43.3695,737
KS.BUS2,677.699,43.4695,835
KS.BUS2,677.699,43.5695,842
KS.BUS2,677.699,43.6695,805
KS.BUS2,677.699,43.7695,738
KS.BUS2,677.699,43.8695,722
KS.BUS2,677.699,43.9695,695
KS.BUS2,677.699,44.0695,632
KS.BUS2,677.699,44.1695,563
KS.BUS2,677.699,44.2695,501
KS.BUS2,677.699,44.3695,523
KS.BUS2,677.699,44.4695,492
KS.BUS2,677.699,44.5695,583
KS.BUS2,677.699,44.6695,679
KS.BUS2,677.699,44.7695,718
KS.BUS2,677.699,44.8695,667
KS.BUS2,677.699,44.9695,675
KS.BUS2,677.699,45.0695,643
KS.BUS2,677.699,45.1695,612
KS.BUS2,677.699,45.2695,596
KS.BUS2,677.699,45.3695,600
KS.BUS2,677.699,45.4695,581
KS.BUS2,677.699,45.5695,541
KS.BUS2,677.699,45.6695,539
KS.BUS2,677.699,45.7695,545
KS.BUS2,677.699,45.8695,571
KS.BUS2,677.699,45.9695,544
KS.BUS2,677.699,46.0695,559
KS.BUS2,677.699,46.1695,597
KS.BUS2,677.699,46.2695,715
KS.BUS2,677.699,46.3695,623
KS.BUS2,677.699,46.4695,629
KS.BUS2,677.699,46.5695,627
KS.BUS2,677.699,46.6695,606
KS.BUS2,677.699,46.7695,616
KS.BUS2,677.699,46.8695,595
KS.BUS2,677.699,46.9695,595
KS.BUS2,677.699,47.0695,595
KS.BUS2,677.699,47.1695,595
KS.BUS2,677.699,47.2695,592
KS.BUS2,677.699,47.3695,592
KS.BUS2,677.699,47.4695,577
KS.BUS2,677.699,47.5695,580
KS.BUS2,677.699,47.6695,596
KS.BUS2,677.699,47.7695,567
KS.BUS2,677.699,47.8695,563
KS.BUS2,677.699,47.9695,553
KS.BUS2,677.699,48.0695,518
KS.BUS2,677.699,48.1695,444
KS.BUS2,677.699,48.2695,454
KS.BUS2,677.699,48.3695,431
KS.BUS2,677.699,48.4695,397
KS.BUS2,677.699,48.5695,392
KS.BUS2,677.699,48.6695,379
KS.BUS2,677.699,48.7695,442
KS.BUS2,677.699,48.8695,481
KS.BUS2,677.699,48.9695,499
KS.BUS2,677.699,49.0695,608
KS.BUS2,677.699,49.1695,16
KS.BUS2,677.699,49.2695,-1248
KS.BUS2,677.699,49.3695,125
KS.BUS2,677.699,49.4695,564
KS.BUS2,677.699,49.5695,431
KS.BUS2,677.699,49.6695,-772
KS.BUS2,677.699,49.7695,-1023
KS.BUS2,677.699,49.8695,-1443
KS.BUS2,677.699,49.9695,-1299
KS.BUS2,677.699,50.0695,732
KS.BUS2,677.699,50.1695,2454
KS.BUS2,677.699,50.2695,1921
KS.BUS2,677.699,50.3695,243
KS.BUS2,677.699,50.4695,-1133
KS.BUS2,677.699,50.5695,482
KS.BUS2,677.699,50.6695,138
KS.BUS2,677.699,50.7695,-1143
KS.BUS2,677.699,50.8695,-1655
KS.BUS2,677.699,50.9695,-663
KS.BUS2,677.699,51.0695,802
KS.BUS2,677.699,51.1695,1991
KS.BUS2,677.699,51.2695,-11
KS.BUS2,677.699,51.3695,-547
KS.BUS2,677.699,51.4695,31
KS.BUS2,677.699,51.5695,597
KS.BUS2,677.699,51.6695,14
KS.BUS2,677.699,51.7695,-207
KS.BUS2,677.699,51.8695,111
KS.BUS2,677.699,51.9695,-1307
KS.BUS2,677.699,52.0695,-942
KS.BUS2,677.699,52.1695,221
KS.BUS2,677.699,52.2695,-564
KS.BUS2,677.699,52.3695,-2556
KS.BUS2,677.699,52.4695,-1977
KS.BUS2,677.699,52.5695,2273
KS.BUS2,677.699,52.6695,1085
KS.BUS2,677.699,52.7695,-1941
KS.BUS2,677.699,52.8695,-1730
KS.BUS2,677.699,52.9695,-700
KS.BUS2,677.699,53.0695,-958
KS.BUS2,677.699,53.1695,-555
KS.BUS2,677.699,53.2695,280
KS.BUS2,677.699,53.3695,532
KS.BUS2,677.699,53.4695,-667
KS.BUS2,677.699,53.5695,-2024
KS.BUS2,677.699,53.6695,-4466
KS.BUS2,677.699,53.7695,-2449
KS.BUS2,677.699,53.8695,895
KS.BUS2,677.699,53.9695,2909
KS.BUS2,677.699,54.0695,-1111
KS.BUS2,677.699,54.1695,-3794
KS.BUS2,677.699,54.2695,1719
KS.BUS2,677.699,54.3695,1957
KS.BUS2,677.699,54.4695,-3
KS.BUS2,677.699,54.5695,-1251
KS.BUS2,677.699,54.6695,-1180
KS.BUS2,677.699,54.7695,-3097
KS.BUS2,677.699,54.8695,-2971
KS.BUS2,677.699,54.9695,-2454
KS.BUS2,677.699,55.0695,-2880
KS.BUS2,677.699,55.1695,-3686
KS.BUS2,677.699,55.2695,-5088
KS.BUS2,677.699,55.3695,-3869
KS.BUS2,677.699,55.4695,-2192
KS.BUS2,677.699,55.5695,-2058
KS.BUS2,677.699,55.6695,-953
KS.BUS2,677.699,55.7695,185
KS.BUS2,677.699,55.8695,-374
KS.BUS2,677.699,55.9695,-1448
KS.BUS2,677.699,56.0695,-1868
KS.BUS2,677.699,56.1695,-3917
KS.BUS2,677.699,56.2695,-7448
KS.BUS2,677.699,56.3695,-6737
KS.BUS2,677.699,56.4695,-4389
KS.BUS2,677.699,56.5695,-3649
KS.BUS2,677.699,56.6695,-3131
KS.BUS2,677.699,56.7695,-6419
KS.BUS2,677.699,56.8695,-6964
KS.BUS2,677.699,56.9695,-5336
KS.BUS2,677.699,57.0695,-6079
KS.BUS2,677.699,57.1695,-4876
KS.BUS2,677.699,57.2695,-4334
KS.BUS2,677.699,57.3695,-4688
KS.BUS2,677.699,57.4695,-5335
KS.BUS2,677.699,57.5695,-4132
KS.BUS2,677.699,57.6695,-1255
KS.BUS2,677.699,57.7695,-1318
KS.BUS2,677.699,57.8695,-2249
KS.BUS2,677.699,57.9695,-3421
KS.BUS2,677.699,58.0695,-4818
KS.BUS2,677.699,58.1695,-5084
KS.BUS2,677.699,58.2695,-4760
KS.BUS2,677.699,58.3695,-2104
KS.BUS2,677.699,58.4695,-282
KS.BUS2,677.699,58.5695,773
KS.BUS2,677.699,58.6695,894
KS.BUS2,677.699,58.7695,-2197
KS.BUS2,677.699,58.8695,-3506
KS.BUS2,677.699,58.9695,-4094
KS.BUS2,677.699,59.0695,-3799
KS.BUS2,677.699,59.1695,-1052
KS.BUS2,677.699,59.2695,-394
KS.BUS2,677.699,59.3695,-3256
KS.BUS2,677.699,59.4695,-5223
KS.BUS2,677.699,59.5695,-4811
KS.BUS2,677.699,59.6695,-4796
KS.BUS2,677.699,59.7695,-4815
KS.BUS2,677.699,59.8695,-4826
KS.BUS2,677.699,59.9695,-4816
KS.BUS2,677.699,60.0695,-4800
KS.BUS2,677.699,60.1695,-4800
IU.MAJO,954.775,89.5695,5621
IU.MAJO,954.775,89.6695,5879
IU.MAJO,954.775,89.7695,6071
IU.MAJO,954.775,89.8695,6235
IU.MAJO,954.775,89.9695,6442
IU.MAJO,954.775,90.0695,2.71388e+08
IU.MAJO,954.775,90.1695,2.71388e+08
IU.MAJO,954.775,90.2695,2.71388e+08
IU.MAJO,954.775,90.3695,2.71388e+08
IU.MAJO,954.775,90.4695,2.71387e+08
IU.MAJO,954.775,90.5695,2.71387e+08
IU.MAJO,954.775,90.6695,2.71387e+08
IU.MAJO,954.775,90.7695,2.71387e+08
IU.MAJO,954.775,90.8695,2.71386e+08
IU.MAJO,954.775,90.9695,2.71386e+08
IU.MAJO,954.775,91.0695,2.71385e+08
IU.MAJO,954.775,91.1695,2.71384e+08
IU.MAJO,954.775,91.2695,2.71384e+08
IU.MAJO,954.775,91.3695,2.71383e+08
IU.MAJO,954.775,91.4695,2.71383e+08
IU.MAJO,954.775,91.5695,2.71382e+08
IU.MAJO,954.775,91.6695,2.71382e+08
IU.MAJO,954.775,91.7695,2.71381e+08
IU.MAJO,954.775,91.8695,2.71381e+08
IU.MAJO,954.775,91.9695,2.71381e+08
IU.MAJO,954.775,92.0695,2.71373e+08
IU.MAJO,954.775,92.1695,2.71371e+08
IU.MAJO,954.775,92.2695,2.71371e+08
IU.MAJO,954.775,92.3695,2.71371e+08
IU.MAJO,954.775,92.4695,2.71371e+08
IU.MAJO,954.775,92.5695,2.71371e+08
IU.MAJO,954.775,92.6695,2.71371e+08
IU.MAJO,954.775,92.7695,2.71371e+08
IU.MAJO,954.775,92.8695,2.71372e+08
IU.MAJO,954.775,92.9695,2.71372e+08
IU.MAJO,954.775,93.0695,2.71372e+08
IU.MAJO,954.775,93.1695,2.71373e+08
IU.MAJO,954.775,93.2695,2.71373e+08
IU.MAJO,954.775,93.3695,2.71374e+08
IU.MAJO,954.775,93.4695,2.71374e+08
IU.MAJO,954.775,93.5695,2.71375e+08
IU.MAJO,954.775,93.6695,2.71375e+08
IU.MAJO,954.775,93.7695,2.71375e+08
IU.MAJO,954.775,93.8695,2.71376e+08
IU.MAJO,954.775,93.9695,2.71376e+08
IU.MAJO,954.775,94.0695,2.71376e+08
IU.MAJO,954.775,94.1695,2.71376e+08
IU.MAJO,954.775,94.2695,2.71376e+08
IU.MAJO,954.775,94.3695,2.71376e+08
IU.MAJO,954.775,94.4695,2.71377e+08
IU.MAJO,954.775,94.5695,2.71377e+08
IU.MAJO,954.775,94.6695,2.71377e+08
IU.MAJO,954.775,94.7695,2.71377e+08
IU.MAJO,954.775,94.8695,2.71377e+08
IU.MAJO,954.775,94.9695,2.71377e+08
IU.MAJO,954.775,95.0695,2.71377e+08
IU.MAJO,954.775,95.1695,2.71377e+08
IU.MAJO,954.775,95.2695,2.71377e+08
IU.MAJO,954.775,95.3695,2.71377e+08
IU.MAJO,954.775,95.4695,2.71377e+08
IU.MAJO,954.775,95.5695,2.71377e+08
IU.MAJO,954.775,95.6695,2.71377e+08
IU.MAJO,954.775,95.7695,2.71377e+08
IU.MAJO,954.775,95.8695,2.71376e+08
IU.MAJO,954.775,95.9695,2.71376e+08
IU.MAJO,954.775,96.0695,2.71375e+08
IU.MAJO,954.775,96.1695,2.71375e+08
IU.MAJO,954.775,96.2695,2.71374e+08
IU.MAJO,954.775,96.3695,2.71373e+08
IU.MAJO,954.775,96.4695,2.71373e+08
IU.MAJO,954.775,96.5695,2.71372e+08
IU.MAJO,954.775,96.6695,2.71372e+08
IU.MAJO,954.775,96.7695,2.71371e+08
IU.MAJO,954.775,96.8695,2.71371e+08
IU.MAJO,954.775,96.9695,2.71371e+08
IU.MAJO,954.775,97.0695,2.71371e+08
IU.MAJO,954.775,97.1695,2.71372e+08
IU.MAJO,954.775,97.2695,2.71372e+08
IU.MAJO,954.775,97.3695,2.71372e+08
IU.MAJO,954.775,97.4695,2.71372e+08
IU.MAJO,954.775,97.5695,2.71372e+08
IU.MAJO,954.775,97.6695,2.71372e+08
IU.MAJO,954.775,97.7695,2.71372e+08
IU.MAJO,954.775,97.8695,2.71373e+08
IU.MAJO,954.775,97.9695,2.71373e+08
IU.MAJO,954.775,98.0695,2.71374e+08
IU.MAJO,954.775,98.1695,2.71374e+08
IU.MAJO,954.775,98.2695,2.71375e+08
IU.MAJO,954.775,98.3695,2.71375e+08
IU.MAJO,954.775,98.4695,2.71376e+08
IU.MAJO,954.775,98.5695,2.71376e+08
IU.MAJO,954.775,98.6695,2.71377e+08
IU.MAJO,954.775,98.7695,2.71377e+08
IU.MAJO,954.775,98.8695,2.71378e+08
IU.MAJO,954.775,98.9695,2.71378e+08
IU.MAJO,954.775,99.0695,2.71378e+08
IU.MAJO,954.775,99.1695,2.71379e+08
IU.MAJO,954.775,99.2695,2.71379e+08
IU.MAJO,954.775,99.3695,2.71379e+08
IU.MAJO,954.775,99.4695,2.71378e+08
IU.MAJO,954.775,99.5695,2.71378e+08
IU.MAJO,954.775,99.6695,2.71378e+08
IU.MAJO,954.775,99.7695,2.71378e+08
IU.MAJO,954.775,99.8695,2.71378e+08
IU.MAJO,954.775,89.5695,5621
IU.MAJO,954.775,89.6695,5879
IU.MAJO,954.775,89.7695,6071
IU.MAJO,954.775,89.8695,6235
IU.MAJO,954.775,89.9695,6442
IU.MAJO,954.775,90.0695,2.71388e+08
IU.MAJO,954.775,90.1695,2.71388e+08
IU.MAJO,954.775,90.2695,2.71388e+08
IU.MAJO,954.775,90.3695,2.71388e+08
IU.MAJO,954.775,90.4695,2.71387e+08
IU.MAJO,954.775,90.5695,2.71387e+08
IU.MAJO,954.775,90.6695,2.71387e+08
IU.MAJO,954.775,90.7695,2.71387e+08
IU.MAJO,954.775,90.8695,2.71386e+08
IU.MAJO,954.775,90.9695,2.71386e+08
IU.MAJO,954.775,91.0695,2.71385e+08
IU.MAJO,954.775,91.1695,2.71384e+08
IU.MAJO,954.775,91.2695,2.71384e+08
IU.MAJO,954.775,91.3695,2.71383e+08
IU.MAJO,954.775,91.4695,2.71383e+08
IU.MAJO,954.775,91.5695,2.71382e+08
IU.MAJO,954.775,91.6695,2.71382e+08
IU.MAJO,954.775,91.7695,2.71381e+08
IU.MAJO,954.775,91.8695,2.71381e+08
IU.MAJO,954.775,91.9695,2.71381e+08
IU.MAJO,954.775,92.0695,2.71373e+08
IU.MAJO,954.775,92.1695,2.71371e+08
IU.MAJO,954.775,92.2695,2.71371e+08
IU.MAJO,954.775,92.3695,2.71371e+08
IU.MAJO,954.775,92.4695,2.71371e+08
IU.MAJO,954.775,92.5695,2.71371e+08
IU.MAJO,954.775,92.6695,2.71371e+08
IU.MAJO,954.775,92.7695,2.71371e+08
IU.MAJO,954.775,92.8695,2.71372e+08
IU.MAJO,954.775,92.9695,2.71372e+08
IU.MAJO,954.775,93.0695,2.71372e+08
IU.MAJO,954.775,93.1695,2.71373e+08
IU.MAJO,954.775,93.2695,2.71373e+08
IU.MAJO,954.775,93.3695,2.71374e+08
IU.MAJO,954.775,93.4695,2.71374e+08
IU.MAJO,954.775,93.5695,2.71375e+08
IU.MAJO,954.775,93.6695,2.71375e+08
IU.MAJO,954.775,93.7695,2.71375e+08
IU.MAJO,954.775,93.8695,2.71376e+08
IU.MAJO,954.775,93.9695,2.71376e+08
IU.MAJO,954.775,94.0695,2.71376e+08
IU.MAJO,954.775,94.1695,2.71376e+08
IU.MAJO,954.775,94.2695,2.71376e+08
IU.MAJO,954.775,94.3695,2.71376e+08
IU.MAJO,954.775,94.4695,2.71377e+08
IU.MAJO,954.775,94.5695,2.71377e+08
IU.MAJO,954.775,94.6695,2.71377e+08
IU.MAJO,954.775,94.7695,2.71377e+08
IU.MAJO,954.775,94.8695,2.71377e+08
IU.MAJO,954.775,94.9695,2.71377e+08
IU.MAJO,954.775,95.0695,2.71377e+08
IU.MAJO,954.775,95.1695,2.71377e+08
IU.MAJO,954.775,95.2695,2.71377e+08
IU.MAJO,954.775,95.3695,2.71377e+08
IU.MAJO,954.775,95.4695,2.71377e+08
IU.MAJO,954.775,95.5695,2.71377e+08
IU.MAJO,954.775,95.6695,2.71377e+08
IU.MAJO,954.775,95.7695,2.71377e+08
IU.MAJO,954.775,95.8695,2.71376e+08
IU.MAJO,954.775,95.9695,2.71376e+08
IU.MAJO,954.775,96.0695,2.71375e+08
IU.MAJO,954.775,96.1695,2.71375e+08
IU.MAJO,954.775,96.2695,2.71374e+08
IU.MAJO,954.775,96.3695,2.71373e+08
IU.MAJO,954.775,96.4695,2.71373e+08
IU.MAJO,954.775,96.5695,2.71372e+08
IU.MAJO,954.775,96.6695,2.71372e+08
IU.MAJO,954.775,96.7695,2.71371e+08
IU.MAJO,954.775,96.8695,2.71371e+08
IU.MAJO,954.775,96.9695,2.71371e+08
IU.MAJO,954.775,97.0695,2.71371e+08
IU.MAJO,954.775,97.1695,2.71372e+08
IU.MAJO,954.775,97.2695,2.71372e+08
IU.MAJO,954.775,97.3695,2.71372e+08
IU.MAJO,954.775,97.4695,2.71372e+08
IU.MAJO,954.775,97.5695,2.71372e+08
IU.MAJO,954.775,97.6695,2.71372e+08
IU.MAJO,954.775,97.7695,2.71372e+08
IU.MAJO,954.775,97.8695,2.71373e+08
IU.MAJO,954.775,97.9695,2.71373e+08
IU.MAJO,954.775,98.0695,2.71374e+08
IU.MAJO,954.775,98.1695,2.71374e+08
IU.MAJO,954.775,98.2695,2.71375e+08
IU.MAJO,954.775,98.3695,2.71375e+08
IU.MAJO,954.775,98.4695,2.71376e+08
IU.MAJO,954.775,98.5695,2.71376e+08
IU.MAJO,954.775,98.6695,2.71377e+08
IU.MAJO,954.775,98.7695,2.71377e+08
IU.MAJO,954.775,98.8695,2.71378e+08
IU.MAJO,954.775,98.9695,2.71378e+08
IU.MAJO,954.775,99.0695,2.71378e+08
IU.MAJO,954.775,99.1695,2.71379e+08
IU.MAJO,954.775,99.2695,2.71379e+08
IU.MAJO,954.775,99.3695,2.71379e+08
IU.MAJO,954.775,99.4695,2.71378e+08
IU.MAJO,954.775,99.5695,2.71378e+08
IU.MAJO,954.775,99.6695,2.71378e+08
IU.MAJO,954.775,99.7695,2.71378e+08
IU.MAJO,954.775,99.8695,2.71378e+08
IU.MAJO,954.775,89.5695,5621
IU.MAJO,954.775,89.6695,5879
IU.MAJO,954.775,89.7695,6071
IU.MAJO,954.775,89.8695,6235
IU.MAJO,954.775,89.9695,6442
IU.MAJO,954.775,90.0695,2.71388e+08
IU.MAJO,954.775,90.1695,2.71388e+08
IU.MAJO,954.775,90.2695,2.71388e+08
IU.MAJO,954.775,90.3695,2.71388e+08
IU.MAJO,954.775,90.4695,2.71387e+08
IU.MAJO,954.775,90.5695,2.71387e+08
IU.MAJO,954.775,90.6695,2.71387e+08
IU.MAJO,954.775,90.7695,2.71387e+08
IU.MAJO,954.775,90.8695,2.71386e+08
IU.MAJO,954.775,90.9695,2.71386e+08
IU.MAJO,954.775,91.0695,2.71385e+08
IU.MAJO,954.775,91.1695,2.71384e+08
IU.MAJO,954.775,91.2695,2.71384e+08
IU.MAJO,954.775,91.3695,2.71383e+08
IU.MAJO,954.775,91.4695,2.71383e+08
IU.MAJO,954.775,91.5695,2.71382e+08
IU.MAJO,954.775,91.6695,2.71382e+08
IU.MAJO,954.775,91.7695,2.71381e+08
IU.MAJO,954.775,91.8695,2.71381e+08
IU.MAJO,954.775,91.9695,2.71381e+08
IU.MAJO,954.775,92.0695,2.71373e+08
IU.MAJO,954.775,92.1695,2.71371e+08
IU.MAJO,954.775,92.2695,2.71371e+08
IU.MAJO,954.775,92.3695,2.71371e+08
IU.MAJO,954.775,92.4695,2.71371e+08
IU.MAJO,954.775,92.5695,2.71371e+08
IU.MAJO,954.775,92.6695,2.71371e+08
IU.MAJO,954.775,92.7695,2.71371e+08
IU.MAJO,954.775,92.8695,2.71372e+08
IU.MAJO,954.775,92.9695,2.71372e+08
IU.MAJO,954.775,93.0695,2.71372e+08
IU.MAJO,954.775,93.1695,2.71373e+08
IU.MAJO,954.775,93.2695,2.71373e+08
IU.MAJO,954.775,93.3695,2.71374e+08
IU.MAJO,954.775,93.4695,2.71374e+08
IU.MAJO,954.775,93.5695,2.71375e+08
IU.MAJO,954.775,93.6695,2.71375e+08
IU.MAJO,954.775,93.7695,2.71375e+08
IU.MAJO,954.775,93.8695,2.71376e+08
IU.MAJO,954.775,93.9695,2.71376e+08
IU.MAJO,954.775,94.0695,2.71376e+08
IU.MAJO,954.775,94.1695,2.71376e+08
IU.MAJO,954.775,94.2695,2.71376e+08
IU.MAJO,954.775,94.3695,2.71376e+08
IU.MAJO,954.775,94.4695,2.71377e+08
IU.MAJO,954.775,94.5695,2.71377e+08
IU.MAJO,954.775,94.6695,2.71377e+08
IU.MAJO,954.775,94.7695,2.71377e+08
IU.MAJO,954.775,94.8695,2.71377e+08
IU.MAJO,954.775,94.9695,2.71377e+08
IU.MAJO,954.775,95.0695,2.71377e+08
IU.MAJO,954.775,95.1695,2.71377e+08
IU.MAJO,954.775,95.2695,2.71377e+08
IU.MAJO,954.775,95.3695,2.71377e+08
IU.MAJO,954.775,95.4695,2.71377e+08
IU.MAJO,954.775,95.5695,2.71377e+08
IU.MAJO,954.775,95.6695,2.71377e+08
IU.MAJO,954.775,95.7695,2.71377e+08
IU.MAJO,954.775,95.8695,2.71376e+08
IU.MAJO,954.775,95.9695,2.71376e+08
IU.MAJO,954.775,96.0695,2.71375e+08
IU.MAJO,954.775,96.1695,2.71375e+08
IU.MAJO,954.775,96.2695,2.71374e+08
IU.MAJO,954.775,96.3695,2.71373e+08
IU.MAJO,954.775,96.4695,2.71373e+08
IU.MAJO,954.775,96.5695,2.71372e+08
IU.MAJO,954.775,96.6695,2.71372e+08
IU.MAJO,954.775,96.7695,2.71371e+08
IU.MAJO,954.775,96.8695,2.71371e+08
IU.MAJO,954.775,96.9695,2.71371e+08
IU.MAJO,954.775,97.0695,2.71371e+08
IU.MAJO,954.775,97.1695,2.71372e+08
IU.MAJO,954.775,97.2695,2.71372e+08
IU.MAJO,954.775,97.3695,2.71372e+08
IU.MAJO,954.775,97.4695,2.71372e+08
IU.MAJO,954.775,97.5695,2.71372e+08
IU.MAJO,954.775,97.6695,2.71372e+08
IU.MAJO,954.775,97.7695,2.71372e+08
IU.MAJO,954.775,97.8695,2.71373e+08
IU.MAJO,954.775,97.9695,2.71373e+08
IU.MAJO,954.775,98.0695,2.71374e+08
IU.MAJO,954.775,98.1695,2.71374e+08
IU.MAJO,954.775,98.2695,2.71375e+08
IU.MAJO,954.775,98.3695,2.71375e+08
IU.MAJO,954.775,98.4695,2.71376e+08
IU.MAJO,954.775,98.5695,2.71376e+08
IU.MAJO,954.775,98.6695,2.71377e+08
IU.MAJO,954.775,98.7695,2.71377e+08
IU.MAJO,954.775,98.8695,2.71378e+08
IU.MAJO,954.775,98.9695,2.71378e+08
IU.MAJO,954.775,99.0695,2.71378e+08
IU.MAJO,954.775,99.1695,2.71379e+08
IU.MAJO,954.775,99.2695,2.71379e+08
IU.MAJO,954.775,99.3695,2.71379e+08
IU.MAJO,954.775,99.4695,2.71378e+08
IU.MAJO,954.775,99.5695,2.71378e+08
IU.MAJO,954.775,99.6695,2.71378e+08
IU.MAJO,954.775,99.7695,2.71378e+08
IU.MAJO,954.775,99.8695,2.71378e+08
JP.JTM,1009.5,64.2,803
JP.JTM,1009.5,64.3,850
JP.JTM,1009.5,64.4,928
JP.JTM,1009.5,64.5,1042
JP.JTM,1009.5,64.6,1138
JP.JTM,1009.5,64.7,1221
JP.JTM,1009.5,64.8,1255
JP.JTM,1009.5,64.9,1172
JP.JTM,1009.5,65,1024
JP.JTM,1009.5,65.1,802
JP.JTM,1009.5,65.2,506
JP.JTM,1009.5,65.3,188
JP.JTM,1009.5,65.4,-136
JP.JTM,1009.5,65.5,-481
JP.JTM,1009.5,65.6,-704
JP.JTM,1009.5,65.7,21009
JP.JTM,1009.5,65.8,20922
JP.JTM,1009.5,65.9,20836
JP.JTM,1009.5,66,20814
JP.JTM,1009.5,66.1,20756
JP.JTM,1009.5,66.2,20571
JP.JTM,1009.5,66.3,20385
JP.JTM,1009.5,66.4,20253
JP.JTM,1009.5,66.5,20149
JP.JTM,1009.5,66.6,20183
JP.JTM,1009.5,66.7,20328
JP.JTM,1009.5,66.8,20221
JP.JTM,1009.5,66.9,20455
JP.JTM,1009.5,67,20761
JP.JTM,1009.5,67.1,20988
JP.JTM,1009.5,67.2,21214
JP.JTM,1009.5,67.3,-5.34353e+08
JP.JTM,1009.5,67.4,-5.34353e+08
JP.JTM,1009.5,67.5,-5.34353e+08
JP.JTM,1009.5,67.6,-5.34353e+08
JP.JTM,1009.5,67.7,-5.34353e+08
JP.JTM,1009.5,67.8,-5.34353e+08
JP.JTM,1009.5,67.9,-5.34352e+08
JP.JTM,1009.5,68,-5.34352e+08
JP.JTM,1009.5,68.1,-5.34352e+08
JP.JTM,1009.5,68.2,-5.34352e+08
JP.JTM,1009.5,68.3,-5.34352e+08
JP.JTM,1009.5,68.4,-5.34352e+08
JP.JTM,1009.5,68.5,-5.34352e+08
JP.JTM,1009.5,68.6,-5.34352e+08
JP.JTM,1009.5,68.7,-5.34352e+08
JP.JTM,1009.5,68.8,-5.34352e+08
JP.JTM,1009.5,68.9,-5.34352e+08
JP.JTM,1009.5,69,-5.34352e+08
JP.JTM,1009.5,69.1,-5.34352e+08
JP.JTM,1009.5,69.2,-5.34352e+08
JP.JTM,1009.5,69.3,-5.34352e+08
JP.JTM,1009.5,69.4,-5.34352e+08
JP.JTM,1009.5,69.5,-5.34349e+08
JP.JTM,1009.5,69.6,-5.34349e+08
JP.JTM,1009.5,69.7,-5.34349e+08
JP.JTM,1009.5,69.8,-5.34349e+08
JP.JTM,1009.5,69.9,-5.34348e+08
JP.JTM,1009.5,70,-5.34348e+08
JP.JTM,1009.5,70.1,-5.34348e+08
JP.JTM,1009.5,70.2,-5.34348e+08
JP.JTM,1009.5,70.3,-5.34348e+08
JP.JTM,1009.5,70.4,-5.34349e+08
JP.JTM,1009.5,70.5,-5.34349e+08
JP.JTM,1009.5,70.6,-5.34349e+08
JP.JTM,1009.5,70.7,-5.3435e+08
JP.JTM,1009.5,70.8,-5.34338e+08
JP.JTM,1009.5,70.9,-5.34347e+08
JP.JTM,1009.5,71,-5.34347e+08
JP.JTM,1009.5,71.1,-5.34347e+08
JP.JTM,1009.5,71.2,-5.34347e+08
JP.JTM,1009.5,71.3,-5.34347e+08
JP.JTM,1009.5,71.4,-5.34347e+08
JP.JTM,1009.5,71.5,-5.34347e+08
JP.JTM,1009.5,71.6,-5.34347e+08
JP.JTM,1009.5,71.7,-5.34347e+08
JP.JTM,1009.5,71.8,-5.34347e+08
JP.JTM,1009.5,71.9,-5.34347e+08
JP.JTM,1009.5,72,-5.34347e+08
JP.JTM,1009.5,72.1,-5.34347e+08
JP.JTM,1009.5,72.2,-5.34347e+08
JP.JTM,1009.5,72.3,-5.34347e+08
JP.JTM,1009.5,72.4,-5.34347e+08
JP.JTM,1009.5,72.5,-5.34347e+08
JP.JTM,1009.5,72.6,-5.34347e+08
JP.JTM,1009.5,72.7,-5.34347e+08
JP.JTM,1009.5,72.8,-5.34346e+08
JP.JTM,1009.5,72.9,-5.34346e+08
JP.JTM,1009.5,73,-5.34346e+08
JP.JTM,1009.5,73.1,-5.34346e+08
JP.JTM,1009.5,73.2,-5.34346e+08
JP.JTM,1009.5,73.3,-5.34346e+08
JP.JTM,1009.5,73.4,-5.34346e+08
JP.JTM,1009.5,73.5,-5.34346e+08
JP.JTM,1009.5,73.6,-5.34346e+08
JP.JTM,1009.5,73.7,-5.34346e+08
JP.JTM,1009.5,73.8,-5.34346e+08
JP.JTM,1009.5,73.9,-5.34346e+08
JP.JTM,1009.5,74,-5.34346e+08
JP.JTM,1009.5,74.1,-5.34346e+08
JP.JTM,1009.5,74.2,-5.34346e+08
JP.JTM,1009.5,74.3,-5.34346e+08
JP.JTM,1009.5,74.4,-5.34347e+08
JP.JTM,1009.5,74.5,-5.34346e+08
JP.JTM,1009.5,74.6,-5.34346e+08
JP.JTM,1009.5,74.7,-5.34346e+08
JP.JTM,1009.5,74.8,-5.34346e+08
JP.JTM,1009.5,74.9,-5.34346e+08
JP.JTM,1009.5,75,-5.34346e+08
JP.JTM,1009.5,75.1,-5.34346e+08
JP.JTM,1009.5,75.2,-5.34346e+08
JP.JTM,1009.5,75.3,-5.34346e+08
JP.JTM,1009.5,75.4,-5.34347e+08
JP.JTM,1009.5,75.5,-5.34347e+08
JP.JTM,1009.5,75.6,-5.34347e+08
JP.JTM,1009.5,75.7,-5.34347e+08
JP.JTM,1009.5,75.8,-5.34347e+08
JP.JTM,1009.5,75.9,-5.34348e+08
JP.JTM,1009.5,76,-5.34348e+08
JP.JTM,1009.5,76.1,-5.34348e+08
JP.JTM,1009.5,76.2,-5.34348e+08
JP.JTM,1009.5,76.3,-5.34348e+08
JP.JTM,1009.5,76.4,-5.34348e+08
JP.JTM,1009.5,76.5,-5.34348e+08
JP.JTM,1009.5,76.6,-5.34347e+08
JP.JTM,1009.5,76.7,-5.34347e+08
JP.JTM,1009.5,76.8,-2.44207e+08
JP.JTM,1009.5,76.9,-2.44207e+08
JP.JTM,1009.5,77,-2.44207e+08
JP.JTM,1009.5,77.1,-2.44207e+08
JP.JTM,1009.5,77.2,-2.44206e+08
JP.JTM,1009.5,77.3,-2.44206e+08
JP.JTM,1009.5,77.4,-2.44206e+08
JP.JTM,1009.5,77.5,-2.44206e+08
JP.JTM,1009.5,77.6,-2.44206e+08
JP.JTM,1009.5,77.7,-2.44206e+08
JP.JTM,1009.5,77.8,-2.44206e+08
JP.JTM,1009.5,77.9,-2.44206e+08
JP.JTM,1009.5,78,-2.44206e+08
JP.JTM,1009.5,78.1,-2.44206e+08
JP.JTM,1009.5,78.2,-2.44206e+08
JP.JTM,1009.5,78.3,-2.44206e+08
JP.JTM,1009.5,78.4,-2.44207e+08
JP.JTM,1009.5,78.5,-2.44206e+08
JP.JTM,1009.5,78.6,-2.44206e+08
JP.JTM,1009.5,78.7,-2.44206e+08
JP.JTM,1009.5,78.8,-2.44206e+08
JP.JTM,1009.5,78.9,-2.44206e+08
JP.JTM,1009.5,79,-2.44206e+08
JP.JTM,1009.5,79.1,-2.44206e+08
JP.JTM,1009.5,79.2,-2.44206e+08
JP.JTM,1009.5,79.3,-2.44206e+08
JP.JTM,1009.5,79.4,-2.44206e+08
JP.JTM,1009.5,79.5,-2.44206e+08
JP.JTM,1009.5,79.6,-2.44207e+08
JP.JTM,1009.5,79.7,-2.44207e+08
JP.JTM,1009.5,79.8,-2.44207e+08
JP.JTM,1009.5,79.9,-2.44207e+08
JP.JTM,1009.5,80,-2.44207e+08
JP.JTM,1009.5,80.1,-2.44211e+08
JP.JTM,1009.5,80.2,-2.44221e+08
JP.JTM,1009.5,80.3,-2.44221e+08
JP.JTM,1009.5,80.4,-2.44221e+08
JP.JTM,1009.5,80.5,-2.44221e+08
JP.JTM,1009.5,80.6,-2.44221e+08
JP.JTM,1009.5,80.7,-2.44221e+08
JP.JTM,1009.5,80.8,-2.4422e+08
JP.JTM,1009.5,80.9,-2.4422e+08
JP.JTM,1009.5,81,-2.4422e+08
JP.JTM,1009.5,81.1,-2.4422e+08
JP.JTM,1009.5,81.2,-2.4422e+08
JP.JTM,1009.5,81.3,-2.4422e+08
JP.JTM,1009.5,81.4,-2.4422e+08
JP.JTM,1009.5,81.5,-2.4422e+08
JP.JTM,1009.5,81.6,-2.4422e+08
JP.JTM,1009.5,81.7,-2.4422e+08
JP.JTM,1009.5,81.8,-2.4422e+08
JP.JTM,1009.5,81.9,-2.4422e+08
JP.JTM,1009.5,82,-2.4422e+08
JP.JTM,1009.5,82.1,-2.4422e+08
JP.JTM,1009.5,82.2,-2.4422e+08
JP.JTM,1009.5,82.3,-2.4422e+08
JP.JTM,1009.5,82.4,-2.4422e+08
JP.JTM,1009.5,82.5,-2.4422e+08
JP.JTM,1009.5,82.6,-2.4422e+08
JP.JTM,1009.5,82.7,-2.44221e+08
JP.JTM,1009.5,82.8,-2.44221e+08
JP.JTM,1009.5,82.9,-2.44221e+08
JP.JTM,1009.5,83,-2.44221e+08
JP.JTM,1009.5,83.1,-2.44221e+08
JP.JTM,1009.5,83.2,-2.44221e+08
JP.JTM,1009.5,83.3,-2.44221e+08
JP.JTM,1009.5,83.4,-2.4422e+08
JP.JTM,1009.5,83.5,-2.4422e+08
JP.JTM,1009.5,83.6,-2.4422e+08
JP.JTM,1009.5,83.7,-2.4422e+08
JP.JTM,1009.5,83.8,-2.4422e+08
JP.JTM,1009.5,83.9,-843
JP.JTM,1009.5,84,-456
JP.JMM,1077.38,-5,2.91794e+07
JP.JMM,1077.38,-4.9,2.91795e+07
JP.JMM,1077.38,-4.8,2.91795e+07
JP.JMM,1077.38,-4.7,2.91796e+07
JP.JMM,1077.38,-4.6,2.91796e+07
JP.JMM,1077.38,-4.5,2.91796e+07
JP.JMM,1077.38,-4.4,2.91795e+07
JP.JMM,1077.38,-4.3,2.91795e+07
JP.JMM,1077.38,-4.2,2.91794e+07
JP.JMM,1077.38,-4.1,2.91794e+07
JP.JMM,1077.38,-4,2.91794e+07
JP.JMM,1077.38,-3.9,2.91793e+07
JP.JMM,1077.38,-3.8,2.91793e+07
JP.JMM,1077.38,-3.7,2.91793e+07
JP.JMM,1077.38,-3.6,2.91794e+07
JP.JMM,1077.38,-3.5,2.91795e+07
JP.JMM,1077.38,-3.4,2.91797e+07
JP.JMM,1077.38,-3.3,2.91797e+07
JP.JMM,1077.38,-3.2,2.91798e+07
JP.JMM,1077.38,-3.1,2.91799e+07
JP.JMM,1077.38,-3,2.91799e+07
JP.JMM,1077.38,-2.9,2.918e+07
JP.JMM,1077.38,-2.8,2.91801e+07
JP.JMM,1077.38,-2.7,2.91801e+07
JP.JMM,1077.38,-2.6,2.91801e+07
JP.JMM,1077.38,-2.5,2.918e+07
JP.JMM,1077.38,-2.4,2.91799e+07
JP.JMM,1077.38,-2.3,2.91798e+07
JP.JMM,1077.38,-2.2,2.91797e+07
JP.JMM,1077.38,-2.1,2.91796e+07
JP.JMM,1077.38,-2,2.91795e+07
JP.JMM,1077.38,-1.9,2.91794e+07
JP.JMM,1077.38,-1.8,2.91794e+07
JP.JMM,1077.38,-1.7,2.91793e+07
JP.JMM,1077.38,-1.6,2.91792e+07
JP.JMM,1077.38,-1.5,2.91791e+07
JP.JMM,1077.38,-1.4,2.91791e+07
JP.JMM,1077.38,-1.3,2.91791e+07
JP.JMM,1077.38,-1.2,2.91793e+07
JP.JMM,1077.38,-1.1,2.91794e+07
JP.JMM,1077.38,-1,2.91795e+07
JP.JMM,1077.38,-0.9,2.91797e+07
JP.JMM,1077.38,-0.8,2.91798e+07
JP.JMM,1077.38,-0.7,2.91799e+07
JP.JMM,1077.38,-0.6,2.918e+07
JP.JMM,1077.38,-0.5,2.91801e+07
JP.JMM,1077.38,-0.4,2.91801e+07
JP.JMM,1077.38,-0.3,2.91801e+07
JP.JMM,1077.38,-0.2,2.91801e+07
JP.JMM,1077.38,-0.1,2.91801e+07
JP.JMM,1077.38,0,2.91802e+07
JP.JMM,1077.38,0.1,2.91802e+07
JP.JMM,1077.38,0.2,2.91802e+07
JP.JMM,1077.38,0.3,2.91802e+07
JP.JMM,1077.38,0.4,2.91802e+07
JP.JMM,1077.38,0.5,2.91802e+07
JP.JMM,1077.38,0.6,2.91801e+07
JP.JMM,1077.38,0.7,2.91799e+07
JP.JMM,1077.38,0.8,2.91797e+07
JP.JMM,1077.38,0.9,2.91796e+07
JP.JMM,1077.38,1,2.91797e+07
JP.JMM,1077.38,1.1,2.91795e+07
JP.JMM,1077.38,1.2,2.91792e+07
JP.JMM,1077.38,1.3,2.91789e+07
JP.JMM,1077.38,1.4,2.91787e+07
JP.JMM,1077.38,1.5,2.91784e+07
JP.JMM,1077.38,1.6,2.9202e+07
JP.JMM,1077.38,1.7,2.92018e+07
JP.JMM,1077.38,1.8,2.92017e+07
JP.JMM,1077.38,1.9,2.92017e+07
JP.JMM,1077.38,2,2.92017e+07
JP.JMM,1077.38,2.1,2.92017e+07
JP.JMM,1077.38,2.2,2.92017e+07
JP.JMM,1077.38,2.3,2.92017e+07
JP.JMM,1077.38,2.4,2.92017e+07
JP.JMM,1077.38,2.5,2.92017e+07
JP.JMM,1077.38,2.6,2.92017e+07
JP.JMM,1077.38,2.7,2.92017e+07
JP.JMM,1077.38,2.8,2.92017e+07
JP.JMM,1077.38,2.9,2.92017e+07
JP.JMM,1077.38,3,2.92017e+07
JP.JMM,1077.38,3.1,2.92018e+07
JP.JMM,1077.38,3.2,2.92019e+07
JP.JMM,1077.38,3.3,2.9202e+07
JP.JMM,1077.38,3.4,2.92023e+07
JP.JMM,1077.38,3.5,2.92023e+07
JP.JMM,1077.38,3.6,2.92024e+07
JP.JMM,1077.38,3.7,2.92024e+07
JP.JMM,1077.38,3.8,2.92027e+07
JP.JMM,1077.38,3.9,2.9203e+07
JP.JMM,1077.38,4,2.92033e+07
JP.JMM,1077.38,4.1,2.92036e+07
JP.JMM,1077.38,4.2,2.92039e+07
JP.JMM,1077.38,4.3,2.92042e+07
JP.JMM,1077.38,4.4,2.92045e+07
JP.JMM,1077.38,4.5,-3.52067e+08
JP.JMM,1077.38,4.6,-3.52067e+08
JP.JMM,1077.38,4.7,-3.52067e+08
JP.JMM,1077.38,4.8,5297
JP.JMM,1077.38,4.9,-1343
JP.JMM,1077.38,5,-11664
JP.JMM,1077.38,5.1,1301
JP.JMM,1077.38,5.2,8867
JP.JMM,1077.38,5.3,5545
JP.JMM,1077.38,5.4,-3591
JP.JMM,1077.38,5.5,-5226
JP.JMM,1077.38,5.6,8191
JP.JMM,1077.38,5.7,4668
JP.JMM,1077.38,5.8,2088
JP.JMM,1077.38,5.9,-7455
JP.JMM,1077.38,6,-2295
JP.JMM,1077.38,6.1,-6873
JP.JMM,1077.38,6.2,-10025
JP.JMM,1077.38,6.3,-9921
JP.JMM,1077.38,6.4,-6241
JP.JMM,1077.38,6.5,-3027
JP.JMM,1077.38,6.6,-7334
JP.JMM,1077.38,6.7,-11598
JP.JMM,1077.38,6.8,-11890
JP.JMM,1077.38,6.9,-12044
JP.JMM,1077.38,7,-12648
JP.JMM,1077.38,7.1,-3718
JP.JMM,1077.38,7.2,-941
JP.JMM,1077.38,7.3,-3763
JP.JMM,1077.38,7.4,-9945
JP.JMM,1077.38,7.5,-11101
JP.JMM,1077.38,7.6,-6651
JP.JMM,1077.38,7.7,-11664
JP.JMM,1077.38,7.8,-17191
JP.JMM,1077.38,7.9,-10793
JP.JMM,1077.38,8,-4225
JP.JMM,1077.38,8.1,523
JP.JMM,1077.38,8.2,-4074
JP.JMM,1077.38,8.3,-9874
JP.JMM,1077.38,8.4,-3723
JP.JMM,1077.38,8.5,-447
JP.JMM,1077.38,8.6,-5872
JP.JMM,1077.38,8.7,-15480
JP.JMM,1077.38,8.8,-7680
JP.JMM,1077.38,8.9,-5361
JP.JMM,1077.38,9,-15154
JP.JMM,1077.38,9.1,-21090
JP.JMM,1077.38,9.2,-13082
JP.JMM,1077.38,9.3,-8073
JP.JMM,1077.38,9.4,-11547
JP.JMM,1077.38,9.5,-15171
JP.JMM,1077.38,9.6,-13898
JP.JMM,1077.38,9.7,-11426
JP.JMM,1077.38,9.8,-10991
JP.JMM,1077.38,9.9,-11094
JP.JMM,1077.38,10,-11311
JP.JMM,1077.38,10.1,-10655
JP.JMM,1077.38,10.2,-12541
JP.JMM,1077.38,10.3,-12178
JP.JMM,1077.38,10.4,-13990
JP.JMM,1077.38,10.5,-14093
JP.JMM,1077.38,10.6,-15846
JP.JMM,1077.38,10.7,-15536
JP.JMM,1077.38,10.8,-12652
JP.JMM,1077.38,10.9,-13656
JP.JMM,1077.38,11,-10555
JP.JMM,1077.38,11.1,-6653
JP.JMM,1077.38,11.2,-1907
JP.JMM,1077.38,11.3,-3991
JP.JMM,1077.38,11.4,-8878
JP.JMM,1077.38,11.5,-9370
JP.JMM,1077.38,11.6,-6033
JP.JMM,1077.38,11.7,-7868
JP.JMM,1077.38,11.8,-7860
JP.JMM,1077.38,11.9,-6166
JP.JMM,1077.38,12,-9897
JP.JMM,1077.38,12.1,-9712
JP.JMM,1077.38,12.2,-7791
JP.JMM,1077.38,12.3,-7137
JP.JMM,1077.38,12.4,-6805
JP.JMM,1077.38,12.5,-6557
JP.JMM,1077.38,12.6,-11482
JP.JMM,1077.38,12.7,-10940
JP.JMM,1077.38,12.8,-12564
JP.JMM,1077.38,12.9,-15779
JP.JMM,1077.38,13,-11833
JP.JMM,1077.38,13.1,-7804
JP.JMM,1077.38,13.2,-9155
JP.JMM,1077.38,13.3,-12836
JP.JMM,1077.38,13.4,-11352
JP.JMM,1077.38,13.5,-9603
JP.JMM,1077.38,13.6,-15241
JP.JMM,1077.38,13.7,-11904
JP.JMM,1077.38,13.8,-9668
JP.JMM,1077.38,13.9,-12166
JP.JMM,1077.38,14,-13500
JP.JMM,1077.38,14.1,-11426
JP.JMM,1077.38,14.2,-11095
JP.JMM,1077.38,14.3,-12597
JP.JMM,1077.38,14.4,-14903
JP.JMM,1077.38,14.5,-15752
JP.JMM,1077.38,14.6,-13576
JP.JMM,1077.38,14.7,-13578
JP.JMM,1077.38,14.8,-13582
JP.JMM,1077.38,14.9,-13579
JP.JMM,1077.38,15,-13569
JP.JMM,1077.38,15.1,-13553
JP.JMM,1077.38,15.2,-13553
